L-UG-00006803,9,800,4,10,4,bukasa road,692000817
L-UG-00007398,None,None,3,None,2,Mbarara,64875077
L-UG-00007432,None,None,4,None,3,Kampala,919063585
L-UG-00007722,None,None,None,None,None,Kampala,64875077
L-UG-00007733,None,None,4,None,2,Namugongo,189218973
L-UG-00007747,None,None,5,None,3,kajjansi,594688202
L-UG-00007751,None,None,4,None,5,Kampala,648750766
L-UG-00008216,6,4000,4,20,1,Luwafu,170837702
L-UG-00008862,6,200,4,100,3,bulabiira road,540625638
L-UG-00011589,20,8094,8,8094,4,Makindye,2768003266
L-UG-00015040,3,900,3,20,2,Kisaasi,346000408
L-UG-00016975,7,5000,3,500,2,Namungoona Kakibinge Hoima Road.,378437947
L-UG-00018252,10,972,4,20,3,Bunga,648750766
L-UG-00019041,11,809,5,None,4,Naalya,594688202
L-UG-00019161,7,900,4,120,2,Ntinda Kigowa,540625638
L-UG-00019852,10,7284,4,None,4,Munyonyo,6920008166
L-UG-00020012,8,900,4,None,4,Kyanja,519000612
L-UG-00021338,None,None,4,None,3,Makindye,540625638
L-UG-00021836,17,None,5,None,5,Mutungo Biina Zone 4,270312819
L-UG-00028756,5,505,3,None,2,Ntinda,454125536
L-UG-00029635,6,250,3,101,2,Kisaasi,550140649
L-UG-00029637,8,250,4,171,4,Kisaasi,676136698
L-UG-00029638,9,350,5,215,4,Kisaasi,999941180
L-UG-00037718,None,900,5,204,5,Rubaga Division Near Pastor Namutebi's Liberty Worship Center,648750766
L-UG-00037724,None,None,4,100,3,Kasanagati,216250255
L-UG-00037738,None,650,4,325,4,Bukasa/Muyenga/Kampala,692000817
L-UG-00037745,None,None,2,None,1,Near Lugala Trading Centre,162187691
L-UG-00037746,None,1295,4,600,2,Ntinda,464938049
L-UG-00037750,None,1800,6,250,4,Across Katalemwa Estate Gate,363300429
L-UG-00037754,None,688,4,566,3,Kyanja,594688202
L-UG-00037758,None,566,5,486,3,Naalya,270312819
L-UG-00037770,None,4026,4,None,2,Epilu Close,346000408
L-UG-00037773,None,None,3,150,2,Kyaliwajjala,216250255
L-UG-00037774,None,860,5,None,4,Naguru,2076002450
L-UG-00037776,None,1000,3,125,2,Sentema Road,449800531
L-UG-00037777,None,1821,3,180,3,Just Before You Reach Kisu,648750766
L-UG-00037779,None,750,4,320,5,Muyenga,1159101368
L-UG-00037781,None,200,5,80,4,Najjera 2 Plot 55,529813125
L-UG-00037785,None,1416,8,200,7,Naguru,2595003062
L-UG-00037791,None,600,3,None,2,Kiwatule,702813329
L-UG-00038865,None,None,3,1739,3,Kitende,2214402613
L-UG-00038867,None,None,7,1618,None,Naguru,2768003266
L-UG-00038868,None,None,4,None,None,Munyonyo,968801143
L-UG-00038869,None,None,None,None,None,Kizungu - Makindye,830400980
L-UG-00038870,7,None,5,None,3,Cape Road,450000000
L-UG-00038874,12,None,5,2023,4,Munyonyo Makindye,850000000
L-UG-00038879,10,None,5,2010,5,Muyenga near hotel international,1211001429
L-UG-00038880,8,None,4,1336,3,Kiruddu Mawanga Buziga - Kampala,600000000
L-UG-00038881,8,None,4,1011,3,Ggaba off Ggaba road,550000000
L-UG-00038887,10,None,4,1618,4,Konge Buziga,800000000
L-UG-00038888,6,None,3,485,2,Munyonyo Makindye,250000000
L-UG-00038892,8,1213,3,None,2,Munyonyo on Salaama Road,350000000
L-UG-00038897,8,None,4,1011,3,Muyenga near Muyenga club,850000000
L-UG-00038898,6,None,3,2023,2,Lukuli Makindye,420000000
L-UG-00038899,6,None,3,1011,2,Lukuli Makindye,250000000
L-UG-00038905,8,None,5,809,5,Munyonyo Makindye,850000000
L-UG-00038906,5,None,3,809,2,Munyonyo Makindye,300000000
L-UG-00038920,None,None,None,2023,None,Naguru,1384001633
L-UG-00038925,8,809,4,None,5,Bunga Ggaba road,1557001837
L-UG-00038926,8,1213,4,None,5,Bunga Kawuku,850000000
L-UG-00038929,10,1416,7,None,10,Upper Konge Buziga,2768003266
L-UG-00038930,10,2023,7,None,8,Kawuku Ggaba Makindye,2422002858
L-UG-00038932,6,728,4,150,3,muyenga kampala,1038001225
L-UG-00038933,6,809,4,150,4,Munyonyo,1038001225
L-UG-00038939,5,486,3,150,2,Munyonyo Makindye Kampala,150000000
L-UG-00039799,8,1213,5,190,5,Wavamunno road Munyonyo,850000000
L-UG-00039800,10,1618,6,200,6,Munyonyo Makindye,900000000
L-UG-00039803,7,809,4,190,4,MUNYONYO,850000000
L-UG-00039848,6,1618,4,180,4,Munyonyo Makindye Kampala,500000000
L-UG-00040059,7,526,5,180,5,Kabalagala Makindye,450000000
L-UG-00041111,12,1618,5,180,5,Buziga Makindye road,3460004083
L-UG-00041112,5,809,3,180,2,Munyonyo wavahmunno road.,250000000
L-UG-00041333,5,8092,3,180,3,Makindye Kizungu,3114003675
L-UG-00041337,5,809,3,170,2,Makindye Kizungu Lukuli,500000000
L-UG-00041728,7,930,5,180,5,Naguru,1384001633
L-UG-00041870,6,809,3,170,3,Munyonyo wavahmunno road.,500000000
L-UG-00041882,8,1011,5,180,5,Bunga Ggaba road,520000000
L-UG-00041986,6,809,3,180,2,Ntinda,600000000
L-UG-00042293,6,1011,4,180,4,Munyonyo,800000000
L-UG-00044493,5,809,3,170,3,Munyonyo,480000000
L-UG-00046164,9,100,4,250,2,ZONE 1,141223527
L-UG-00048286,10,1300,4,1011,5,Kyanja,920000000
L-UG-00057918,8,2629,5,12,4,Munyonyo Kampala,2422002858
L-UG-00057929,8,2032,5,12,4,Buziga Makindye divison Kampala,2076002450
L-UG-00057989,10,1820,7,14,7,Kansanga Muyenga,3114003675
L-UG-00057990,10,1820,7,14,7,Kansanga Muyenga,3114003675
L-UG-00057991,8,809,5,14,5,Kansanga Muyenga,1903002246
L-UG-00058002,5,606,3,12,2,Buziga Makindye Kampala,270000000
L-UG-00058003,6,809,3,12,2,Buziga Makindye divison Kampala,220000000
L-UG-00058006,6,606,4,14,4,Muyenga Kampala,1141801347
L-UG-00058514,9,416,4,250,3,Naalya,650000000
L-UG-00059092,8,606,5,20,5,Naguru Kamala,1245601470
L-UG-00059570,8,1212,5,700,5,Ntinda,800000000
L-UG-00059659,8,890,5,20,4,Buziga Makindye divison Kampala,480000000
L-UG-00059738,6,1213,4,700,3,Ntinda,600000000
L-UG-00059801,4,485,2,14,2,Munyonyo Makindye,150000000
L-UG-00059920,7,809,5,20,5,Kansanga Ggaba road,700000000
L-UG-00059925,6,809,4,20,4,Muyenga Kampala,1211001429
L-UG-00059962,6,809,3,20,2,Upper Konge Buziga,350000000
L-UG-00062019,6,1212,3,700,3,Nsambya,700000000
L-UG-00062441,7,150,4,100,3,Ntinda,650000000
L-UG-00062499,8,800,5,400,5,Kampala,700000000
L-UG-00063713,6,500,3,300,2,Kampala,519000612
L-UG-00063724,7,500,4,300,4,Naguru,4152004899
L-UG-00063920,10,2630,5,1600,4,Kololo,6228007349
L-UG-00063927,8,2023,4,1800,4,Naguru,3114003675
L-UG-00064005,6,1213,4,900,4,Naalya,6500000000
L-UG-00065498,11,38437,5,250,4,bunga,1384001633
L-UG-00065499,10,30345,4,250,4,muyenga,750000000
L-UG-00065500,18,70805,9,2050,7,muyenga,3460004083
L-UG-00068035,8,809,4,450,4,Ntinda,650000000
L-UG-00070026,6,1213,4,900,3,Ntinda,600000000
L-UG-00070516,8,2000,7,25,7,Munyonyo,2249002654
L-UG-00070633,12,1092,8,700,6,Kansanga,800000000
L-UG-00070702,6,1000,5,25,4,Munyonyo,1557001837
L-UG-00070703,5,1000,4,25,3,Muyenga- Bukasa,500000000
L-UG-00070824,6,1132,3,800,2,Bukoto,550000000
L-UG-00070835,5,1000,4,25,3,Muyenga,550000000
L-UG-00070836,5,100,4,25,4,Muyenga,1211001429
L-UG-00070841,2,100,2,20,1,Kansanga,130000000
L-UG-00070948,7,1213,4,800,3,Naalya,700000000
L-UG-00071102,3,18,2,20,1,kisaasi,500000000
L-UG-00071115,16,35,7,120,8,Kiwafu road,3460004083
L-UG-00071130,7,20000,5,50,4,Ntinda,600000000
L-UG-00071133,13,50000,6,150,7,Luzira,2249002654
L-UG-00071134,6,25000,4,70,3,Kiwatule,600000000
L-UG-00071141,8,87,5,120,6,Kololo,6228007349
L-UG-00071145,3,25,2,50,1,Kisaasi,500000000
L-UG-00073174,7,25000,4,80,3,Ntinda Kyambogo road,600000000
L-UG-00073750,5,25,2,70,2,Ntinda,450000000
L-UG-00073977,6,18,4,70,3,Ministers' Village,600000000
L-UG-00073978,6,22,4,120,4,Naalya,850000000
L-UG-00074236,2,25,1,30,1,Ntinda Kiwatule road,650000000
L-UG-00075420,6,1000,3,150,2,Bukoto,750000000
L-UG-00075424,2,1000,1,100,1,Ntinda,350000000
L-UG-00078214,6,1009,3,800,2,Kiwatule,415200490
L-UG-00078219,1000,20,4,5000,5,Naalya,795800939
L-UG-00080239,4,1000,3,25,2,Bunga,380000000
L-UG-00080244,4,1000,3,22,2,Kisaasi,350000000
L-UG-00080246,4,1000,3,25,3,Bunga,460000000
L-UG-00080248,4,2000,3,25,2,Kisaasi,350000000
L-UG-00080321,4,None,2,None,1,Kawempe,70000000
L-UG-00080328,5,None,3,None,3,Kawempe,190000000
L-UG-00080332,None,None,3,None,1,Kampala,200000000
L-UG-00080349,None,None,5,None,1,Naalya,1000000000
L-UG-00080350,None,None,6,None,1,mutungo hill road,1000000000
L-UG-00080563,4,1000,3,22,2,Bunga,350000000
L-UG-00080621,9,2000,8,25,6,Kansanga,900000000
L-UG-00080782,10,4047,6,4047,5,Muyenga,2768003266
L-UG-00081046,3,None,4,None,3,Ntinda,650000000
L-UG-00081047,5,None,4,None,3,Ntinda- Kyambogo road,700000000
L-UG-00081087,4,None,3,None,2,Naalya,550000000
L-UG-00081112,5,None,3,None,3,Naalya,700000000
L-UG-00081125,4,None,3,None,2,Kiwatule,350000000
L-UG-00081142,4,None,3,None,2,Kisaasi,240000000
L-UG-00081144,4,None,3,None,1,Kisaasi,130000000
L-UG-00081166,6,None,5,None,4,Naalya,1400000000
L-UG-00081174,4,None,3,None,2,Naalya,900000000
L-UG-00081185,10,None,8,None,5,Muyenga,3460004083
L-UG-00081186,6,None,5,None,3,Kololo,8650010207
L-UG-00081332,5,4324,3,212,3,Ntinda,400000000
L-UG-00081355,7,4046,5,400,5,Ggada road,1000000000
L-UG-00081356,6,1212,4,400,4,Ggada road,620000000
L-UG-00081357,6,1212,4,400,4,Ggada road,700000000
L-UG-00081358,7,1213,5,4046,5,Munyonyo,1100000000
L-UG-00081360,7,1213,5,4046,5,Munyonyo,2249002654
L-UG-00081361,7,1213,5,400,5,Muyenga,4152004899
L-UG-00081362,8,1213,6,4046,6,Kololo,9688011432
L-UG-00081363,5,1212,3,4046,1,Kiwatule,90000000
L-UG-00081367,9,1213,7,400,7,Ggada road,2768003266
L-UG-00081368,7,1213,5,2426,5,Munyonyo,1591601878
L-UG-00081369,5,None,3,None,3,Ntinda,450000000
L-UG-00081373,7,2134,5,1214,5,Munyonyo,1384001633
L-UG-00081374,7,2465,5,2046,5,Makindye,1300000000
L-UG-00081375,8,1968,6,464,6,Ggaba road,1600000000
L-UG-00081376,7,1986,5,324,5,Mutungo hill,2076002450
L-UG-00081377,7,1465,5,1326,5,Muyenga,1400000000
L-UG-00081378,7,4046,5,1212,5,Ggaba road,1400000000
L-UG-00081381,6,4046,4,442,4,Naalya,900000000
L-UG-00081384,5,4632,4,432,4,Naalya,900000000
L-UG-00081385,3,4046,2,432,2,Kisaasi,300000000
L-UG-00081389,5,4324,3,212,3,Ntinda,400000000
L-UG-00081569,4,None,3,122,2,Kiwatule,500000000
L-UG-00081585,4,None,3,121,2,Ntinda- minister's village,865001021
L-UG-00081586,4,None,3,121,2,Ntinda- minister's village,500000000
L-UG-00081589,5,None,4,121,3,Naalya,700000000
L-UG-00081611,5,None,5,None,1,Ntinda,850000000
L-UG-00081634,4,None,4,None,1,Naalya,350000000
L-UG-00081645,4,None,4,None,1,Naguru,700000000
L-UG-00081647,3,None,3,None,1,Naalya,350000000
L-UG-00081666,7,None,7,None,1,Kololo,6920008166
L-UG-00081672,4,None,4,None,1,Naalya,700000000
L-UG-00081690,4,None,4,None,1,Ntinda,500000000
L-UG-00081704,5,None,5,None,1,Munyonyo,1000000000
L-UG-00081711,4,None,4,None,1,Kiwatule,350000000
L-UG-00081731,5,None,5,None,1,Naguru,5190006124
L-UG-00081742,2,None,2,None,1,Kiwatule,250000000
L-UG-00081743,3,None,3,None,1,Naalya,370000000
L-UG-00081746,2,None,2,None,1,Kiwatule,300000000
L-UG-00081747,4,None,4,None,1,Naguru,750000000
L-UG-00081762,5,None,5,None,1,Kulambilo,650000000
L-UG-00081763,7,None,7,None,1,Luzira,2076002450
L-UG-00081766,4,None,4,None,1,Kulambilo,480000000
L-UG-00081767,4,None,4,None,1,Bukoto,1730002041
L-UG-00081772,4,None,4,None,1,Kiwatule,430000000
L-UG-00081787,5,None,4,None,3,Ntinda,1000000000
L-UG-00081788,5,None,4,None,3,Ntinda,850000000
L-UG-00081791,5,250,4,22,3,Kisaasi,650000000
L-UG-00081794,6,None,5,None,4,Ntinda,800000000
L-UG-00081797,7,None,5,None,6,Munyonyo,1384001633
L-UG-00081804,4,None,3,None,2,Kyanja,135000000
L-UG-00081806,4,None,3,None,2,Kyanja,100000000
L-UG-00081822,6,None,5,None,4,Bunga,1500000000
L-UG-00081830,3,None,2,None,2,Kisaasi,280000000
L-UG-00081844,3,None,3,None,None,kulambiro,40000000
L-UG-00081847,3,None,3,None,1,buloba,100000000
L-UG-00081851,4,None,4,None,2,kiwatule,750000000
L-UG-00081869,4,None,4,1213,4,bunga,1500000000
L-UG-00081870,4,None,4,809,2,Kampala,800000000
L-UG-00081877,5,None,5,100,2,Bunga,1500000000000
L-UG-00081878,6,None,6,1213,3,Kyanja,280000000
L-UG-00081879,6,None,6,1213,3,Bunga,1500000000000
L-UG-00081894,6,None,4,1000,3,Muyenga - Bukasa,1384001633
L-UG-00081895,6,None,6,None,6,kololo,6920008166
L-UG-00081906,5,None,4,None,3,Naalya,600000000
L-UG-00081918,4,None,3,None,2,Muyenga,600000000
L-UG-00081919,5,200,5,22,4,Naguru,1557001837
L-UG-00081949,6,None,4,1000,4,Naalya,700000000
L-UG-00081968,5,None,3,None,1,Kiwatule,80000000
L-UG-00081987,3,None,1,None,1,Ntinda,350000000
L-UG-00081997,9,None,4,None,4,Kisaasi,850000000
L-UG-00082004,9,None,4,None,4,Naalya,850000000
L-UG-00082005,9,None,4,None,4,kyanja,650000000
L-UG-00082008,6,None,5,None,3,Kyanja,2422002857963
L-UG-00082011,4,None,3,None,2,Kiwatule,450000000
L-UG-00082012,5,None,4,None,3,Kiwatule,250000000
L-UG-00082013,7,None,4,None,3,Naalya,550000000
L-UG-00082020,12,350,6,None,6,Bunga,1500000000
L-UG-00082027,5,None,4,123,3,Naalya,540000000
L-UG-00082063,6,None,4,None,3,Naguru,1000000000
L-UG-00082072,4,None,3,123,2,Ntinda,500000000
L-UG-00082808,7,1012,4,400,5,Muyenga,1211001429
L-UG-00084810,6,1054,3,195,2,mpererwe kiyanja zone tula road,200000000
L-UG-00084822,10,19598,7,100,3,Muyenga,3460004083
L-UG-00084825,5,506,3,305,2,Kiteezi kabaga road,110000000
L-UG-00084826,5,506,4,305,3,Lusanja kiteezi,180000000
L-UG-00084885,7,30000,5,23,5,Munyoyo,1300000000
L-UG-00084886,8,25000,6,23,6,Naalya,1300000000
L-UG-00084887,6,25000,5,21,5,Naalya,1200000000
L-UG-00084919,6,25000,5,23,5,Naalya,750000000
L-UG-00085225,8,30000,6,22,6,Naalya,1300000000
L-UG-00085388,5,30000,3,22,3,Ntinda,650000000
L-UG-00085390,6,25000,4,23,3,Ntinda,720000000
L-UG-00085391,6,25000,4,23,3,Ntinda,600000000
L-UG-00085394,6,25000,4,22,3,Kiwatule,250000000
L-UG-00085398,8,25000,6,23,5,Kyanja,700000000
L-UG-00085399,6,25000,4,21,3,Kyanja,600000000
L-UG-00085403,8,25000,5,23,4,Bukoto,800000000
L-UG-00085407,4,20000,2,22,2,Kiwatule,200000000
L-UG-00085473,6,300,3,22,2,Ntinda,650000000
L-UG-00085475,6,250,4,22,3,Ntinda,720000000
L-UG-00085476,6,250,4,23,3,Ntinda,600000000
L-UG-00085503,7,1324,3,134,2,Kiwatule,195000000
L-UG-00085531,7,2086,4,432,4,Munyonyo,950000000
L-UG-00085539,6,200,5,23,4,Muyenga,650000000
L-UG-00085540,6,250,4,22,3,Muyenga,450000000
L-UG-00085565,2,250,1,23,1,Kyanja,800000000
L-UG-00085566,2,250,1,21,1,Kyanja,500000000
L-UG-00085618,3,1000,1,100,1,Kyanja,500000000
L-UG-00085644,7,250,5,22,4,Munyoyo,1000000000
L-UG-00085646,8,500,5,23,4,Munyoyo,2422002858
L-UG-00085665,5,1000,3,200,2,Kyanja,270000000
L-UG-00086594,6,200,4,22,3,Muyenga,800000000
L-UG-00086632,10,3036,8,544,6,BUZIGA,None
L-UG-00086658,6,180,3,23,2,Ntinda,400000000
L-UG-00086659,5,150,3,21,2,Kisaasi,200000000
L-UG-00086718,8,2324,5,432,5,Lungujja,500000000
L-UG-00086786,7,1200,3,1011,3,Kyanja,865001021
L-UG-00086802,4,48552,3,25,2,Konge,250000000
L-UG-00086853,5,32368,4,20,3,Buziga,220000000
L-UG-00086854,5,161840,4,25,3,Kansanga,950000000
L-UG-00086856,5,80920,4,25,3,Buziga,1384001633
L-UG-00086862,5,200,3,23,2,Kyanja,250000000
L-UG-00086909,5,4322,3,112,2,Kulambiro,250000000
L-UG-00086954,5,64736,4,25,3,Kansanga,470000000
L-UG-00086981,5,4322,3,112,2,Kulambiro,250000000
L-UG-00086982,5,2322,3,112,2,Konge,250000000
L-UG-00087104,5,100,3,50,3,Kawempe,180000000
L-UG-00087109,12,150,6,100,6,Ntinda,360000000
L-UG-00087313,6,25,4,18,6,Naalya,400000000
L-UG-00087483,5,542,3,112,3,Kyanja,250000000
L-UG-00087568,4,180,3,22,2,kisaasi,150000000
L-UG-00087584,8,2023,6,6,4,Mutungo Hill,2768003266
L-UG-00087585,8,1618,6,6,4,Bunga along Ggaba road,1038001225
L-UG-00087628,1000,10000,5,1000,5,Naalya,761200898
L-UG-00087630,100,1000,3,1000,3,Kyanja,307940363
L-UG-00087633,1000,2500,4,1000,3,Mbuya,4152004899
L-UG-00089402,8,832,5,112,5,Naalya,900000000
L-UG-00089541,5,202300,4,25,3,Makindye,700000000
L-UG-00089556,5,161840,4,25,3,Buziga,700000000
L-UG-00089557,2,1000,1,20,1,Konge,80000000
L-UG-00089635,6,687,4,6,2,Buziga Makindye Kampala,250000000
L-UG-00089637,7,809,4,6,2,Buziga Makindye Kampala,300000000
L-UG-00089639,5,445,4,5,2,Kawuku Ggaba,250000000
L-UG-00089646,8,606,5,6,3,Makindye Kizungu,700000000
L-UG-00089647,6,809,4,6,3,Buziga Makindye,380000000
L-UG-00089657,2,500,3,4,2,Luzira,900000000
L-UG-00089788,8,1011,5,8,5,Munyonyo Wavahmuno road,865001021
L-UG-00089989,8,150,3,100,4,Makindye,200000000
L-UG-00090405,8,1213,5,8,4,Munyonyo Makindye Kampala,1400000000
L-UG-00090439,5,809200,4,25,3,Muyenga,1211001429
L-UG-00090493,6,606,3,6,3,Muyenga Makindye,350000000
L-UG-00090496,8,1011,5,7,5,Makindye Kizungu,1200000000
L-UG-00090551,5,809200,4,25,3,Kansanga,470000000
L-UG-00090558,5,606,3,6,2,Kyanja Ntinda,350000000
L-UG-00090559,6,606,4,7,3,Kyanja Ntinda,450000000
L-UG-00090731,6,532,3,5,3,Naalya,380000000
L-UG-00090871,6,1000,5,28,4,Ntinda,800000000
L-UG-00090876,6,2000,5,28,4,Bunga,1500000000
L-UG-00090880,6,10000,5,26,4,Muyenga,4152004692
L-UG-00090881,6,1000,5,25,4,Munyonyo,2249002541
L-UG-00090884,5,1000,4,25,3,Kiwatule,650000000
L-UG-00091535,8,1618,5,7,5,Ggaba near Kampala University,1038001225
L-UG-00091536,6,1011,3,7,2,Buziga Makindye,350000000
L-UG-00092167,8,1011,6,8,5,Munyonyo close to the lake,1557001837
L-UG-00092226,6,809,3,7,2,Mawanga Munyonyo,200000000
L-UG-00092228,4,445,2,6,2,Munyonyo Makindye Kampala,80000000
L-UG-00092234,5,200,3,23,3,Bunga,400000000
L-UG-00092248,8,250,5,23,4,Bunga,480000000
L-UG-00092251,6,250,5,22,4,Muyenga,800000000
L-UG-00092257,6,250,5,22,4,Kansanga,500000000
L-UG-00092349,7,1213,4,8,4,Munyonyo,1557001837
L-UG-00093923,7,4046,3,300,2,Munyonyo,1211001429
L-UG-00093953,6,1213,4,7,4,Munyonyo,1211001429
L-UG-00093954,6,1213,4,7,4,Munyonyo,1211001429
L-UG-00094353,6,809,4,6,2,Muyenga Zone A,350000000
L-UG-00094354,10,1011,7,7,5,Kansanga Muyenga,850000000
L-UG-00094356,8,728,6,6,4,Namuwongo,550000000
L-UG-00094357,8,809,5,7,5,Kansanga Ggaba road,2076002450
L-UG-00094447,8,808,4,642,4,Kulambiro,350000000
L-UG-00094489,3,200,1,21,1,Kyanja,150000000
L-UG-00094490,4,200,2,22,2,Kyanja,150000000
L-UG-00094547,2,200,1,22,1,Kyanja,650000000
L-UG-00095159,6,809,4,7,4,Munyonyo Wavahmunno Road,1557001837
L-UG-00095169,3,200,1,22,1,Kisaasi,450000000
L-UG-00095194,6,250,4,23,3,Kyanja,330000000
L-UG-00095197,6,250,4,23,3,Kiwatule,350000000
L-UG-00095470,7,1011,5,7,4,Kisugu Namuwongo,550000000
L-UG-00095471,6,687,4,7,4,Kisugu Namuwongo,350000000
L-UG-00095487,8,647,3,150,2,Naalya,430000000
L-UG-00095488,8,1618,5,7,5,Munyonyo near the lake,3114003675
L-UG-00096074,4,5832,3,22,2,Namuwongo,250000000
L-UG-00096079,6,1215,5,25,3,Kansanga,600000000
L-UG-00096151,6,1213,3,7,2,8th street Namuwongo,350000000
L-UG-00096286,8,809,6,7,6,Munyonyo,2249002654
L-UG-00096294,7,1213,4,7,3,Mutungo hill,450000000
L-UG-00098284,5,401,3,25,2,Makindye- Kizungu,370000000
L-UG-00098457,5,1013,4,25,3,Muyenga- Bukasa,470000000
L-UG-00098463,6,6885,4,25,3,Makindye hill,3460004083
L-UG-00098465,7,2025,6,25,5,Munyonyo,1000000000
L-UG-00098466,7,2025,6,25,5,Bunga- Kalungu,900000000
L-UG-00098623,10,13,3,9,6,Kawempe,120000000
L-UG-00098680,5,1000,2,400,2,Kyanja,800000000
L-UG-00098703,10,5832,3,25,2,Muyenga,2768003266
L-UG-00098852,7,1214,4,400,5,Muyenga,1141801347
L-UG-00098905,6,809,3,7,2,Konge Lukuli Makindye,350000000
L-UG-00098906,6,809,3,7,2,Konge Lukuli Makindye,350000000
L-UG-00098972,8,1000,4,800,4,Munyonyo,600000000
L-UG-00100547,5,100,2,80,2,Ntinda,700000000
L-UG-00100738,7,200,5,22,4,Kyanja,700000000
L-UG-00100739,8,200,5,22,4,Muyenga,600000000
L-UG-00100764,3,200,1,22,1,Kyanja,450000000
L-UG-00100795,8,250,5,23,4,Naalya,800000000
L-UG-00100797,6,250,4,23,3,Naalya,750000000
L-UG-00100845,6,1014,2,500,2,Naguru,1107201307
L-UG-00100847,5,197,4,89,3,Nalya,530000000
L-UG-00100848,8,432,6,231,5,Nalya,950000000
L-UG-00100853,8,218,5,102,5,Nalya,780000000
L-UG-00100857,6,189,5,103,4,Nalya,780000000
L-UG-00100858,4,197,3,65,3,Nalya,380000000
L-UG-00100870,6,154,5,87,4,makindye,680000000
L-UG-00100873,4,127,4,76,3,kyanja,320000000
L-UG-00100931,6,786,5,98,4,naguru,4844005716
L-UG-00100935,9,543,5,186,4,Nalya,780000000
L-UG-00100951,7,250,5,23,4,Ntinda,1211001429
L-UG-00100952,6,543,5,98,4,muyenga,1211001429
L-UG-00100957,8,654,6,132,5,muyenga,3114003675
L-UG-00100960,6,654,5,124,4,muyenga,1903002246
L-UG-00100961,7,654,5,112,4,munyonyo,1211001429
L-UG-00100962,8,543,5,132,4,munyonyo,1211001429
L-UG-00100963,8,654,5,165,4,munyonyo,1038001225
L-UG-00100965,7,435,5,123,5,muyenga,1730002041
L-UG-00100989,24,876,3,87,2,naguru,4152004899
L-UG-00100999,6,322,4,98,3,ntinda,680000000
L-UG-00101002,6,154,4,87,3,ntinda,680000000
L-UG-00101039,8,352,5,98,4,Nalya,780000000
L-UG-00101040,8,231,5,98,4,Nalya,750000000
L-UG-00101046,6,None,5,None,4,NTINDA,700000000
L-UG-00101047,5,None,5,None,4,NTINDA,400000000
L-UG-00101051,6,543,5,90,4,munyonyo,2249002654
L-UG-00101053,2,231,1,87,1,kiwatule,330000000
L-UG-00101054,87,232,1,65,1,kiwatule,250000000
L-UG-00101055,7,432,5,87,5,munyonyo,4152004899
L-UG-00101061,4,250,2,22,1,Kiwatule,380000000
L-UG-00101114,4,None,3,None,3,Kyanja,320000000
L-UG-00101115,11,729,4,34,5,Munyonyo,1730002041
L-UG-00101116,10,None,10,None,12,Bunga,4152004899
L-UG-00101122,4,None,4,None,4,Kololo,6228007349
L-UG-00101135,3,None,3,None,3,Naalya,450000000
L-UG-00101140,4,543,3,232,2,mpererwe,130000000
L-UG-00101141,8,864,5,432,4,Nalya,780000000
L-UG-00101345,8,865,5,543,4,Nalya,750000000
L-UG-00101348,6,654,4,432,3,Nalya,350000000
L-UG-00101351,5,606,3,300,2,Kyanja,240000000
L-UG-00101353,8,765,5,543,4,ntinda,750000000
L-UG-00101354,7,764,5,432,4,Nalya,650000000
L-UG-00101355,6,930,4,7,4,Solent Avenue Mbuya,600000000
L-UG-00101840,9,4000,4,350,3,Kawempe,190000000
L-UG-00101875,10,4000,3,400,2,Bukoto,500000000
L-UG-00102317,12,None,5,2023,4,Munyonyo Makindye,850000000
L-UG-00102325,6,None,3,485,2,Munyonyo Makindye,250000000
L-UG-00102337,8,1213,4,None,5,Bunga Kawuku,850000000
L-UG-00102343,5,606,3,12,2,Buziga Makindye Kampala,270000000
L-UG-00102344,6,809,3,12,2,Buziga Makindye divison Kampala,220000000
L-UG-00102348,7,809,5,20,5,Kansanga Ggaba road,700000000
L-UG-00102349,6,809,3,20,2,Upper Konge Buziga,350000000
L-UG-00102351,6,687,4,6,2,Buziga Makindye Kampala,250000000
L-UG-00102352,7,809,4,6,2,Buziga Makindye Kampala,300000000
L-UG-00102357,8,1213,5,8,4,Munyonyo Makindye Kampala,1400000000
L-UG-00102358,6,606,3,6,3,Muyenga Makindye,350000000
L-UG-00102376,4,445,2,6,2,Munyonyo Makindye Kampala,80000000
L-UG-00102379,10,1011,7,7,5,Kansanga Muyenga,850000000
L-UG-00102380,6,809,4,6,3,Namuwongo,400000000
L-UG-00102381,8,728,6,6,4,Namuwongo,550000000
L-UG-00102383,8,809,4,7,3,Lukuli Makindye,450000000
L-UG-00102391,6,1213,3,7,2,8th street Namuwongo,350000000
L-UG-00102393,7,1213,4,7,3,Mutungo hill,450000000
L-UG-00102403,7,809,4,190,4,MUNYONYO,850000000
L-UG-00102404,6,1618,4,180,4,Munyonyo Makindye Kampala,500000000
L-UG-00102407,5,809,3,170,2,Makindye Kizungu Lukuli,500000000
L-UG-00102409,8,1011,5,180,5,Bunga Ggaba road,520000000
L-UG-00102448,None,None,7,1618,None,Naguru,2768003128
L-UG-00102450,None,None,None,None,None,Kizungu - Makindye,830400938
L-UG-00102452,None,None,None,2023,None,Naguru,1384001564
L-UG-00102453,8,809,4,None,5,Bunga Ggaba road,1557001759
L-UG-00102454,10,1416,7,None,10,Upper Konge Buziga,2768003128
L-UG-00102455,10,2023,7,None,8,Kawuku Ggaba Makindye,2422002737
L-UG-00102456,6,728,4,150,3,muyenga kampala,1038001173
L-UG-00102457,6,809,4,150,4,Munyonyo,1038001173
L-UG-00102459,8,2629,5,12,4,Munyonyo Kampala,2422002737
L-UG-00102460,8,2032,5,12,4,Buziga Makindye divison Kampala,2076002346
L-UG-00102465,6,606,4,14,4,Muyenga Kampala,1141801290
L-UG-00102467,6,809,4,20,4,Muyenga Kampala,1211001368
L-UG-00102468,8,2023,6,6,4,Mutungo Hill,2768003128
L-UG-00102469,8,1618,6,6,4,Bunga along Ggaba road,1038001173
L-UG-00102473,8,1618,5,7,5,Ggaba near Kampala University,1038001173
L-UG-00102475,8,1011,6,8,5,Munyonyo close to the lake,1557001759
L-UG-00102476,7,1213,4,8,4,Munyonyo,1557001759
L-UG-00102477,7,1213,4,8,4,Munyonyo,1557001759
L-UG-00102478,6,1213,4,7,4,Munyonyo,1211001368
L-UG-00102479,6,1213,4,7,4,Munyonyo,1211001368
L-UG-00102480,8,809,5,7,5,Kansanga Ggaba road,2076002346
L-UG-00102481,6,809,4,7,4,Munyonyo Wavahmunno Road,1557001759
L-UG-00102482,8,1618,5,7,5,Munyonyo near the lake,3114003519
L-UG-00102483,8,809,6,7,6,Munyonyo,2249002541
L-UG-00102487,12,1618,5,180,5,Buziga Makindye road,3460003910
L-UG-00102489,5,8092,3,180,3,Makindye Kizungu,3114003519
L-UG-00102490,7,930,5,180,5,Naguru,1384001564
L-UG-00102698,None,890,6,None,3,Ntinda,919063539
L-UG-00102703,7,None,4,None,3,Bukoto,594688172
L-UG-00102757,8,2023,6,7,4,Munyonyo,2000000000
L-UG-00105450,None,None,4,900,3,Nnalya,1557001759
L-UG-00105455,12,1600,4,900,3,Bugolobi,1730001955
L-UG-00105469,12,1942,5,800,4,kololo,3979004496
L-UG-00105471,11,1942,5,900,4,kyambogo road,800000000
L-UG-00105490,None,1902,4,None,3,Kololo,4498005083
L-UG-00105500,None,1214,4,None,4,Kyanja,550000000
L-UG-00105501,15,2023,6,1750,6,Luzira,1903002150
L-UG-00105506,None,None,3,None,2,Munyonyo,600000000
L-UG-00105507,None,None,4,None,3,Muyenga,500000000
L-UG-00105509,None,1012,7,None,6,Butabika,1200000000
L-UG-00105511,None,None,5,None,4,Ntinda,800000000
L-UG-00105515,None,None,4,None,5,Bunga,1557001759
L-UG-00105519,9,1214,4,95,3,naguru,1211001368
L-UG-00105522,None,None,4,None,4,Mbuya,692000782
L-UG-00105525,None,4046,4,None,4,Luzira,3460003910
L-UG-00105533,15,1012,5,900,4,Naguru,900000000
L-UG-00105542,15,2023,7,1000,6,Kololo,5190005865
L-UG-00105544,8,1050,4,750,3,naalya,None
L-UG-00105547,30,1500,20,1500,15,Naguru,2249002541
L-UG-00105548,9,2265,5,2265,5,Munyonyo,3460003910
L-UG-00105894,5,800,5,490,6,Munyonyo,1660801960
L-UG-00105896,None,None,4,None,None,Muyenga,1211001368
L-UG-00105945,7,1012,5,900,5,Muyenga,700000000
L-UG-00105948,4,688,4,500,4,Naguru,726600821
L-UG-00105951,7,1012,5,900,6,Naalya,850000000
L-UG-00105958,7,1012,5,900,6,Munyonyo,700000000
L-UG-00105963,2,700,2,180,2,Kisaasi,294100332
L-UG-00105964,3,800,3,350,3,Kisaasi,467100528
L-UG-00105965,4,950,4,700,4,Kisaasi,605500684
L-UG-00105966,5,900,5,700,5,Kisaasi,865000977
L-UG-00105967,7,1618,7,750,7,Buziga,900000000
L-UG-00105968,3,4047,3,500,3,Kololo,10380011730
L-UG-00105969,5,1400,5,700,5,Kololo,6920007820
L-UG-00105971,6,1500,6,809,5,Bukesa,600000000
L-UG-00105983,3,2100,3,1010,4,Kololo,5190006124
L-UG-00105986,3,1012,3,800,2,Namungoona,290000000
L-UG-00105987,5,2021,5,800,3,Mengo,3000000000
L-UG-00105988,6,525,4,3020,4,Kiwatule,350000000
L-UG-00106011,None,None,3,None,None,Kololo,5190005865
L-UG-00106018,None,None,1,None,None,Mengo,500000000
L-UG-00106024,None,None,4,None,None,Naguru,726600821
L-UG-00106025,None,None,5,None,None,Kisasi,865000977
L-UG-00106026,None,None,4,None,None,Kisaasi,605500684
L-UG-00106027,None,None,3,None,None,Kisaasi,467100528
L-UG-00106028,None,None,2,None,None,Kisaasi,294100347
L-UG-00106029,None,None,5,None,None,Naalya,850000000
L-UG-00106030,None,None,5,None,None,Naalya,850000000
L-UG-00106032,None,None,5,None,None,Muyenga,1000000000
L-UG-00106033,None,None,3,None,None,Muyenga,400000000
L-UG-00106034,None,None,3,None,None,Kololo,10380011730
L-UG-00106035,None,None,6,None,None,Kololo,6920007820
L-UG-00106036,None,None,5,None,None,Mengo,800000000
L-UG-00106037,None,None,6,None,None,Mengo,600000000
L-UG-00106039,None,None,5,None,None,Munyonyo,700000000
L-UG-00106059,None,None,6,None,None,Muyenga,3460003910
L-UG-00106069,None,None,8,None,None,Buziga,800000000
L-UG-00106567,13,65,4,200,2,Kampala,970000000
L-UG-00106630,6,10000,3,150,2,Kyanja trading centre,350000000
L-UG-00106738,3,284,2,25,2,Bunga,55000000
L-UG-00106744,5,2835,4,25,3,Kansanga- Muyenga,750000000
L-UG-00106745,5,689,4,25,3,Bunga,900000000
L-UG-00106746,5,689,4,25,3,Munyonyo,1557001837
L-UG-00106857,5,250,3,23,2,Kiwatule,1600000000
L-UG-00106859,4,None,3,None,2,Kyanja,450000000
L-UG-00106888,11,1000,6,800,8,Buziga,2249002654
L-UG-00106913,6,800,3,500,3,Kisaasi,350000000
L-UG-00106950,4,606,2,7,2,Munyonyo Wavamunno road,350000000
L-UG-00106958,6,None,6,None,4,Ggaba-kawuku,1591601878
L-UG-00107423,5,143,3,2,3,nabbingo,450000000
L-UG-00107456,8,1726,5,986,4,naguru,4152004899
L-UG-00107457,5,876,4,653,3,kyanja,550000000
L-UG-00107467,6,765,5,654,4,munyonyo,2249002654
L-UG-00107490,6,765,5,355,4,Nalya,600000000
L-UG-00107505,5,None,4,None,4,Kyanja,640000000
L-UG-00107513,6,None,5,None,4,Mbuya,1730002041
L-UG-00107518,5,None,5,None,4,Makindye kizungu,1660801960
L-UG-00107536,8,987,5,654,5,Nalya,780000000
L-UG-00107537,8,987,5,543,5,Nalya,780000000
L-UG-00107643,6,250,4,23,3,Ntinda,800000000
L-UG-00107645,6,250,4,23,3,Kira,400000000
L-UG-00107654,6,250,4,23,3,Ntinda,800000000
L-UG-00107656,3,250,1,23,1,Kyanja,370000000
L-UG-00107659,7,250,5,22,4,Bukoto,700000000
L-UG-00107682,4,876,3,343,2,kira town,270000000
L-UG-00107887,5,None,5,None,4,NTINDA,1211001429
L-UG-00107890,5,None,5,None,5,NAGURU,5190006124
L-UG-00108065,4,None,3,None,2,KISAASI,240000000
L-UG-00108168,6,300,4,22,3,Namasuba,220000000
L-UG-00108170,7,300,5,23,4,seguku,500000000
L-UG-00108458,6,250,4,23,3,Naalya,850000000
L-UG-00108459,5,250,4,22,3,Naalya,800000000
L-UG-00108460,5,250,4,22,3,Naalya,800000000
L-UG-00108887,5,200,3,22,2,Kisaasi,260000000
L-UG-00108889,5,200,3,22,2,Kiwatule,250000000
L-UG-00108890,10,1000,6,100,5,Kisaasi,800000000
L-UG-00108899,5,250,3,22,2,Ntinda,865001021
L-UG-00109073,3,250,2,12,2,Kampala,170000000
L-UG-00109159,8,2023,5,1500,5,Bunga,1500000000
L-UG-00109167,6,250,4,22,3,Kyambogo,1384001633
L-UG-00109180,4,13,3,13,2,Kampala,350000000
L-UG-00109190,6,250,4,22,3,Kyambogo,1384001633
L-UG-00109246,5,250,3,22,2,Kisaasi,260000000
L-UG-00112730,6,250,3,23,2,Kyanja,600000000
L-UG-00112731,5,250,4,23,2,Kisaasi,700000000
L-UG-00112732,7,200,5,22,4,Kisaasi,900000000
L-UG-00115028,6,250,4,23,3,Bunga,800000000
L-UG-00115032,6,250,4,23,3,Najjera,500000000
L-UG-00115038,3,250,1,21,1,Kiwatule,250000000
L-UG-00115040,3,250,1,21,1,Kiwatule,350000000
L-UG-00115044,6,250,4,22,3,Najjera,450000000
L-UG-00115088,8,2025,4,1200,5,Bunga,1200000000
L-UG-00115093,8,650,5,350,5,Naalya,750000000
L-UG-00115366,6,250,5,23,4,Muyenga,700000000
L-UG-00115368,6,250,4,23,3,Bunga,800000000
L-UG-00115609,5,2835,3,500,3,Along Yusuf Lule Road,6920008166
L-UG-00115737,12,1012,5,223,3,Kampala,540625611
L-UG-00115744,11,None,4,112,3,Kampala,648750733
L-UG-00115837,15,2023,5,128,4,Kampala,1903002150
L-UG-00115878,10,1012,4,128,2,Kalungu,550000000
L-UG-00115888,4,None,4,None,1,Makindye,680000000
L-UG-00115943,4,None,4,None,1,Makindye,550000000
L-UG-00116232,None,1013,5,None,None,Kulambiro,500000000
L-UG-00116233,None,None,3,None,None,Kulambiro,300000000
L-UG-00116234,None,1053,4,None,None,Kitende Bwebajja,200000000
L-UG-00116235,None,None,None,None,None,Kasana Luwero,150000000
L-UG-00116516,8,1012,5,466,3,Kampala,900000000
L-UG-00116543,8,800,6,23,4,Ntinda,3287003879
L-UG-00116545,4,250,2,22,1,Kyanja,250000000
L-UG-00116878,None,None,5,None,None,muyenga,2422002737
L-UG-00117387,10,1500,6,1000,7,Kisaasi,900000000
L-UG-00117429,6,250,4,23,3,Ntinda,600000000
L-UG-00117431,3,250,1,23,1,Kisaasi,420000000
L-UG-00117432,6,300,4,23,3,Kiwatule,850000000
L-UG-00117435,3,250,1,22,1,Kisaasi,100000000
L-UG-00117438,4,200,2,23,1,Najjera,170000000
L-UG-00117439,7,250,5,23,3,matuga,500000000
L-UG-00117443,4,250,2,22,1,Kiwatule,120000000
L-UG-00117450,7,250,5,23,3,Kisaasi,900000000
L-UG-00117454,4,250,2,23,1,Najjera,350000000
L-UG-00117455,4,250,2,22,1,Kyanja,250000000
L-UG-00117459,8,250,6,23,4,Ntinda,3287003879
L-UG-00117461,7,250,5,23,3,Ntinda,1107201307
L-UG-00117762,3,None,2,180,2,Entebbe road,170000000
L-UG-00117799,11,505,4,267,3,Munyonyo,1730002041
L-UG-00118221,6,300,4,20,3,Kampala,550000000
L-UG-00118300,4,240,3,21,2,Kitende,320000000
L-UG-00119156,None,None,2,None,None,Kira,370000000
L-UG-00119157,None,None,6,None,None,Bunga,1107201251
L-UG-00119160,None,None,4,None,None,Seeta,330000000
L-UG-00119168,None,None,3,None,None,Kiwatule,115000000
L-UG-00119169,None,None,4,None,None,Kira,350000000
L-UG-00119171,None,None,4,None,None,Bunga,550000000
L-UG-00119175,None,None,3,None,None,Kyanja,250000000
L-UG-00119176,None,None,4,None,None,Kitende,450000000
L-UG-00119177,None,None,5,None,None,Kira,160000000
L-UG-00119178,None,None,4,None,None,Kira,150000000
L-UG-00119180,None,None,2,None,None,Kitende,190000000
L-UG-00119181,None,None,3,None,None,Kitende,330000000
L-UG-00119182,None,None,3,None,None,Kitende,230000000
L-UG-00119183,None,None,3,None,None,Kitende,190000000
L-UG-00119184,None,None,2,None,None,Kira,320000000
L-UG-00119185,None,None,3,None,None,Kira,120000000
L-UG-00119188,None,None,3,None,None,Bwebajja,220000000
L-UG-00119189,None,None,4,None,None,Bwebajja,1730001955
L-UG-00119190,None,None,5,None,None,Bwebajja,3460003910
L-UG-00119191,None,None,4,None,None,Luzira,3460003910
L-UG-00119197,None,None,4,None,None,Kira,450000000
L-UG-00119198,None,None,2,None,None,Kira,300000000
L-UG-00119203,None,None,6,None,None,Bwebajja,1038001173
L-UG-00119208,None,None,2,None,None,Kyaliwajjala,320000000
L-UG-00119209,None,None,4,None,None,Kira,350000000
L-UG-00119213,None,None,4,None,None,Najjeera,400000000
L-UG-00119214,None,None,3,None,None,Kisaasi,300000000
L-UG-00119215,None,None,2,None,None,Kisaasi,180000000
L-UG-00119216,None,None,4,None,None,Garuga,2249002541
L-UG-00119217,None,None,3,None,None,Kololo,6228007038
L-UG-00119218,None,None,3,None,None,Naguru,1591601799
L-UG-00119219,None,None,10,None,None,Kololo,10380011730
L-UG-00119221,None,None,4,None,None,Ntinda,900000000
L-UG-00119223,None,None,4,None,None,Nyanama,370000000
L-UG-00119224,None,None,4,None,None,Naalya,700000000
L-UG-00119225,None,None,3,None,None,Najjeera,320000000
L-UG-00119226,None,None,1,None,None,Mbuya,260000000
L-UG-00119227,None,None,4,None,None,Rubaga,320000000
L-UG-00119228,None,None,4,None,None,Kitende,390000000
L-UG-00119229,None,None,4,None,None,Kira,185000000
L-UG-00119230,None,None,4,None,None,Kira,360000000
L-UG-00119231,None,None,3,None,None,Namasuba,85000000
L-UG-00119232,None,None,4,None,None,Kira,320000000
L-UG-00119233,None,None,5,None,None,Bwebajja,480000000
L-UG-00119234,None,None,3,None,None,Kira,140000000
L-UG-00119235,None,None,4,None,None,Bwebajja,125000000
L-UG-00119236,None,None,2,None,None,Bwebajja,130000000
L-UG-00119237,None,None,3,None,None,Kira,180000000
L-UG-00119238,None,None,5,None,None,Buziga,2076002346
L-UG-00119239,None,None,4,None,None,Kyanja,470000000
L-UG-00119240,None,None,3,None,None,Kira,160000000
L-UG-00119241,None,None,5,None,None,Kitende,850000000
L-UG-00119242,None,None,5,None,None,Ntinda,850000000
L-UG-00119243,None,None,6,None,None,Najjeera,980000000
L-UG-00119244,None,None,3,None,None,Kololo,5190005865
L-UG-00119245,None,None,4,None,None,Kira,800000000
L-UG-00119246,None,None,7,None,None,Namugongo,750000000
L-UG-00119247,None,None,4,None,None,Najjeera,550000000
L-UG-00119248,None,None,4,None,None,Naguru,1557001759
L-UG-00119251,None,None,2,None,None,Najjera2,250000000
L-UG-00119256,None,None,4,None,None,Kajjansi,400000000
L-UG-00119257,None,None,4,None,None,Bunga,950000000
L-UG-00119258,None,None,5,None,None,Najjeera,980000000
L-UG-00119287,None,None,4,None,None,Kira,360000000
L-UG-00119289,None,None,3,None,None,Kiira Town,180000000
L-UG-00119427,8,5,3,None,3,Muyenga,None
L-UG-00119712,None,None,4,None,None,Kisasi,397900450
L-UG-00119719,6,None,4,None,2,Ntinda,415200469
L-UG-00119720,None,None,4,None,None,Ntinda,415200469
L-UG-00119721,None,None,7,None,None,Namasuba,426338222
L-UG-00119729,None,None,3,None,None,Kyanja,466308187
L-UG-00119730,None,None,4,None,None,Buziga,466308187
L-UG-00119735,None,None,3,None,None,Buziga,466308187
L-UG-00119736,None,None,3,None,None,Buziga,466308187
L-UG-00119740,None,None,3,None,None,Kiwatule,486563050
L-UG-00119741,None,None,4,None,None,Bunga,486563050
L-UG-00119743,None,None,2,None,None,Bukoto,486563050
L-UG-00119744,None,None,4,None,None,Kiwatule,486563050
L-UG-00119745,None,None,4,None,None,Kiwatule,486563050
L-UG-00119747,None,None,3,None,None,Naalya,486563050
L-UG-00119748,None,None,3,None,None,Lungujja,486563050
L-UG-00119758,None,None,4,None,None,Muyenga,536300606
L-UG-00119760,None,None,3,None,None,Muyenga,540625611
L-UG-00119761,None,None,3,None,None,Muyenga,540625611
L-UG-00119762,None,None,1,None,None,Ntinda,540625611
L-UG-00119763,None,None,2,None,None,Naalya,540625611
L-UG-00119776,None,None,2,None,2,Bukoto,599539098
L-UG-00119779,None,None,4,None,None,Kyanja,622800704
L-UG-00119780,None,None,5,None,None,Kyanja,627125709
L-UG-00119783,None,None,4,None,None,Naguru,640100723
L-UG-00119786,None,None,4,None,None,Buziga,666154553
L-UG-00119787,None,None,2,None,None,Naalya,666154553
L-UG-00119788,None,None,1,None,1,Ntinda,666154553
L-UG-00119789,None,None,3,None,2,Muyenga,666154553
L-UG-00119790,None,None,3,None,2,Muyenga,666154553
L-UG-00119792,None,None,5,None,None,Naalya,692000782
L-UG-00119793,None,None,3,None,None,Butabika,692000782
L-UG-00119795,None,None,7,None,None,Nsambya,702813294
L-UG-00119800,10,250,7,None,4,Nsambya,702813294
L-UG-00119815,None,None,5,None,None,Munyonyo,761200860
L-UG-00119829,None,None,4,None,None,Naguru,865000977
L-UG-00119830,None,None,4,None,None,Ntinda,866000919
L-UG-00119831,None,None,4,None,None,Ntinda,866000919
L-UG-00119832,None,None,4,None,None,Naalya,866000919
L-UG-00119833,None,None,5,None,None,Munyonyo,866000919
L-UG-00119834,None,None,5,None,None,Muyenga,886626002
L-UG-00119836,None,None,4,None,1,Naalya,905970884
L-UG-00119837,None,None,5,None,None,Bunga,919063539
L-UG-00119839,None,None,3,None,None,Munyonyo,932616374
L-UG-00119840,None,None,4,None,None,Buziga,932616374
L-UG-00119842,None,None,4,None,None,Kansanga,932616374
L-UG-00119843,None,None,4,None,None,Ntinda,968801095
L-UG-00119844,None,None,4,None,None,Munyonyo,968801095
L-UG-00119845,None,None,5,None,None,Munyonyo,973126100
L-UG-00119846,None,None,5,None,None,Munyonyo,973126100
L-UG-00119855,None,None,4,None,None,Muyenga,1038001173
L-UG-00119856,None,None,5,None,None,Buziga,1038001173
L-UG-00119857,None,None,5,None,None,Naalya,1038001173
L-UG-00119858,None,None,3,None,None,Bugolobi,1038001173
L-UG-00119859,None,None,4,None,None,Naguru,1038001173
L-UG-00119860,None,None,6,None,None,Rubaga,1065847284
L-UG-00119862,None,None,5,None,None,Bukoto,1065847284
L-UG-00119863,None,None,4,None,None,Kiwatule,1065847284
L-UG-00119864,None,None,6,None,None,Mengo,1065847284
L-UG-00119866,None,None,5,None,None,Bunga,1132462740
L-UG-00119867,None,None,6,None,None,Kamwokya,1141801290
L-UG-00119868,None,None,5,None,None,Luzira,1211001368
L-UG-00119869,None,None,6,None,None,Munyonyo,1211001368
L-UG-00119871,None,None,4,None,None,Muyenga,1211001368
L-UG-00119872,None,None,5,None,None,Muyenga,1211001368
L-UG-00119873,None,None,5,None,None,Ntinda,1211001368
L-UG-00119874,None,None,5,None,None,Entebbe,1245601408
L-UG-00119879,None,None,4,None,None,Bunga,1384001564
L-UG-00119880,None,None,4,None,None,Bugolobi,1384001564
L-UG-00119881,None,None,4,None,None,Naguru,1384001564
L-UG-00119882,None,None,5,None,None,Kiwatule,1384001564
L-UG-00119888,None,None,5,None,None,Bunga,1384001564
L-UG-00119891,None,None,5,None,None,Munyonyo,1453201642
L-UG-00119893,None,None,6,None,None,Bunga,1453201642
L-UG-00119894,None,None,5,None,None,Muyenga,1453201642
L-UG-00119897,None,None,3,None,None,Bukoto,1557001759
L-UG-00119900,None,None,6,None,None,Munyonyo,1557001759
L-UG-00119901,None,None,5,None,None,Munyonyo,1557001759
L-UG-00119903,None,None,5,None,None,Munyonyo,1557001759
L-UG-00119905,None,None,5,None,None,Bunga,1557001759
L-UG-00119907,None,None,5,None,None,Munyonyo,1557001759
L-UG-00119911,None,None,5,None,None,Makindye,1660801877
L-UG-00119913,None,None,7,None,None,Mutungo,1730001955
L-UG-00119923,None,None,6,None,None,Munyonyo,1730001955
L-UG-00119924,None,None,8,None,None,Buziga,1730001955
L-UG-00119926,None,None,6,None,None,Bunga,1730001955
L-UG-00119932,None,None,5,None,None,Mbuya,1730001955
L-UG-00119933,None,None,5,None,None,Mbuya,1730001955
L-UG-00119934,None,None,5,None,None,Muyenga,1730001955
L-UG-00119937,None,None,10,None,None,Katwe,1732001837
L-UG-00119938,None,None,5,None,None,Bbunga,1833802072
L-UG-00119939,None,None,5,None,None,Bunga,1903002150
L-UG-00119941,None,None,5,None,None,Bugolobi,1903002150
L-UG-00119946,None,None,3,None,None,Kyambogo,1972202229
L-UG-00119954,None,None,5,None,None,Buziga,2076002346
L-UG-00119955,None,None,5,None,None,Mutungo,2076002346
L-UG-00119957,None,None,5,None,None,Muyenga,2076002346
L-UG-00119961,None,None,5,None,None,Bbunga,2249002541
L-UG-00119964,None,None,6,None,None,Luzira,2249002541
L-UG-00119966,None,None,7,None,None,Munyonyo,2249002541
L-UG-00119967,None,None,4,None,None,bugolobi,2249002541
L-UG-00119971,None,None,8,None,None,Gaba,2422002737
L-UG-00119978,None,None,5,None,None,Naguru,2422002737
L-UG-00119981,None,None,5,None,None,Luzira,2422002737
L-UG-00119982,None,None,7,None,None,Ggaba,2422002737
L-UG-00119983,None,None,5,None,None,Luzira,2422002737
L-UG-00119984,None,None,7,None,None,Buziga,2422002737
L-UG-00119985,None,None,7,None,None,Buziga,2422002737
L-UG-00119987,None,None,5,None,None,Muyenga,2422002737
L-UG-00119988,None,None,5,None,None,Mutungo,2422002737
L-UG-00119995,None,None,6,None,None,Muyenga,2525802854
L-UG-00119998,None,None,5,None,None,Luzira,2595002932
L-UG-00119999,None,None,6,None,None,Bugolobi,2595002932
L-UG-00120013,None,None,5,None,None,Buziga,2941003323
L-UG-00120014,None,None,5,None,None,Munyonyo,2941003323
L-UG-00120015,None,None,8,None,None,Muyenga,3114003519
L-UG-00120016,None,None,5,None,None,Muyenga,3114003519
L-UG-00120019,None,None,6,None,None,Munyonyo,3287003714
L-UG-00120020,None,None,7,None,None,Muyenga,3390803832
L-UG-00120021,None,None,4,None,None,Naguru,3460003910
L-UG-00120029,None,None,6,None,None,Bunga,3460003910
L-UG-00120030,None,None,6,None,None,Muyenga,3460003910
L-UG-00120031,None,None,6,None,None,Muyenga,3460003910
L-UG-00120040,None,None,2,None,None,Buziga,3806004301
L-UG-00120041,None,None,3,None,None,Bukoto,3806004301
L-UG-00120042,None,None,3,None,1,Muyenga,4152004692
L-UG-00120043,None,None,4,None,4,Naguru,4152004692
L-UG-00120051,None,None,5,None,None,Bugolobi,4152004692
L-UG-00120054,None,None,6,None,None,Munyonyo,4152004692
L-UG-00120055,None,None,6,None,None,Naguru,4152004692
L-UG-00120056,None,None,10,None,None,Bbunga,4152004692
L-UG-00120057,15,53,6,None,5,Naguru,4152004692
L-UG-00120058,None,None,3,None,None,Munyonyo,4498005083
L-UG-00120059,None,None,5,None,None,Kololo,4498005083
L-UG-00120060,None,None,5,None,None,Kololo,4498005083
L-UG-00120070,None,None,3,None,None,Kololo,4844005474
L-UG-00120071,None,None,6,None,None,Naguru,4844005474
L-UG-00120093,None,None,7,None,None,Muyenga,5190005865
L-UG-00120094,None,None,4,None,None,Naguru,5190005865
L-UG-00120096,None,None,3,None,None,Kololo,5190005865
L-UG-00120103,None,None,6,None,5,Kololo,5882006647
L-UG-00120108,None,None,5,None,None,Kololo,5882006647
L-UG-00120109,None,None,3,None,None,Bukoto,6228007038
L-UG-00120113,None,None,8,None,None,Kololo,6228007038
L-UG-00120135,None,None,4,None,None,Kololo,6920007820
L-UG-00120136,None,None,4,None,None,Nakasero,6920007820
L-UG-00120138,None,None,5,None,None,kololo,6920007820
L-UG-00120155,None,None,3,None,None,Buziga,9342010557
L-UG-00120156,None,None,4,None,None,Kololo,9342010557
L-UG-00120157,None,None,5,None,None,Kololo,9688010948
L-UG-00120158,None,None,4,None,None,Kololo,9688010948
L-UG-00120159,None,None,4,None,None,Kololo,9688010948
L-UG-00120161,None,None,6,None,None,Kololo,10380011730
L-UG-00120165,None,None,4,None,None,Bunga,12110013685
L-UG-00120179,None,None,2,None,None,Namungoona,60000000
L-UG-00120180,None,None,3,None,None,Nabweru,65000000
L-UG-00120183,None,None,3,None,None,Mpelerwe,70000000
L-UG-00120187,None,None,2,None,None,Gayaza,75000000
L-UG-00120188,None,None,3,None,None,Ndejje,75000000
L-UG-00120193,None,None,3,None,None,Salama,80000000
L-UG-00120196,None,None,3,None,None,Kitintale,80000000
L-UG-00120199,None,None,3,None,None,Kasangati,80000000
L-UG-00120203,None,None,4,None,None,Ndejje,85000000
L-UG-00120208,None,None,3,None,None,Kiwenda,90000000
L-UG-00120209,None,None,3,None,None,Gayaza,90000000
L-UG-00120219,None,None,3,None,None,Kawanda,95000000
L-UG-00120236,None,None,3,None,None,Lukuli,120000000
L-UG-00120237,None,None,3,None,None,Bweyogerere,120000000
L-UG-00120240,None,None,4,None,None,Bweyogerere,120000000
L-UG-00120243,None,None,4,None,None,Kira,120000000
L-UG-00120250,None,None,3,None,None,Buwaate,130000000
L-UG-00120264,None,None,3,None,None,Bunamwaya,130000000
L-UG-00120269,None,None,3,None,None,Kyanja,135000000
L-UG-00120270,None,None,3,None,None,Kisaasi,135000000
L-UG-00120272,None,None,3,None,None,Mbalwa,135000000
L-UG-00120273,None,None,3,None,None,Mpelerwe,135000000
L-UG-00120282,None,None,3,None,None,Mawanda road,140000000
L-UG-00120289,None,None,3,None,None,Nansana,150000000
L-UG-00120290,None,None,2,None,None,Zana,150000000
L-UG-00120296,None,None,3,None,None,Nalya,150000000
L-UG-00120300,None,None,4,None,None,Kajjansi,150000000
L-UG-00120310,None,None,3,None,None,Namugongo,160000000
L-UG-00120320,8,40,3,None,2,Mpererwe,160000000
L-UG-00120321,None,None,1,None,None,Bweyogerere,165000000
L-UG-00120323,7,42,3,None,2,Namasuba,165000000
L-UG-00120326,None,None,1,None,None,Kyanja,170000000
L-UG-00120328,None,None,2,None,None,Bweyogerere,170000000
L-UG-00120331,None,None,1,None,None,Kisaasi,170000000
L-UG-00120332,None,None,3,None,None,Kiwatule,170000000
L-UG-00120341,None,None,3,None,None,Kisasi,175000000
L-UG-00120343,None,None,3,None,None,Zana,180000000
L-UG-00120352,None,None,3,None,None,Kiwatule,180000000
L-UG-00120355,None,None,2,None,None,Najjeera,180000000
L-UG-00120358,None,None,4,None,None,Kawempe,180000000
L-UG-00120363,None,None,3,None,None,Kiwatule,190000000
L-UG-00120365,None,None,3,None,None,Kira,190000000
L-UG-00120370,None,None,3,None,None,Kyanja,195000000
L-UG-00120381,None,None,4,None,None,Namugongo,200000000
L-UG-00120386,None,None,3,None,None,Gayaza,200000000
L-UG-00120388,None,None,1,None,None,Kavumba,200000000
L-UG-00120396,None,None,3,None,None,Kira,210000000
L-UG-00120403,None,None,4,None,None,Lubowa,220000000
L-UG-00120405,None,None,3,None,None,Kiwatule,220000000
L-UG-00120406,None,None,3,None,None,Najjeera,220000000
L-UG-00120407,None,None,4,None,None,Ndejje,220000000
L-UG-00120408,None,None,1,None,None,Sentema Road,220000000
L-UG-00120417,None,None,3,None,None,Bwebajja,230000000
L-UG-00120418,None,None,4,None,None,Buwaate,230000000
L-UG-00120426,None,None,3,None,None,Gayaza,240000000
L-UG-00120427,None,None,2,None,None,Kyanja,240000000
L-UG-00120436,None,None,3,None,None,Namulanda,250000000
L-UG-00120437,None,None,3,None,None,Kyaliwajjala,250000000
L-UG-00120438,None,None,2,None,None,Mbalwa,250000000
L-UG-00120442,None,None,3,None,None,Naguru,250000000
L-UG-00120445,None,None,4,None,None,Kasangati,250000000
L-UG-00120446,None,None,4,None,None,Kiwatule,250000000
L-UG-00120447,None,None,4,None,None,Kiwatule,250000000
L-UG-00120448,None,None,4,None,None,Mutundwe,250000000
L-UG-00120450,None,None,5,None,None,Kagoma,250000000
L-UG-00120459,None,None,2,None,None,Kisasi,255000000
L-UG-00120462,None,None,1,None,None,Kisaasi,260000000
L-UG-00120464,None,None,3,None,None,Buwaate,260000000
L-UG-00120472,None,None,3,None,None,Kira,270000000
L-UG-00120478,None,None,3,None,None,Kawanda,270000000
L-UG-00120490,None,None,3,None,None,Kasangati,280000000
L-UG-00120492,None,None,1,None,None,Bweyogerere,285000000
L-UG-00120498,None,None,3,None,None,Najjeera,300000000
L-UG-00120499,None,None,3,None,None,Najjeera,300000000
L-UG-00120500,None,None,2,None,None,Bunga,300000000
L-UG-00120501,None,None,2,None,None,Kyaliwajjala,300000000
L-UG-00120514,None,None,2,None,None,Najjeera,320000000
L-UG-00120516,None,None,2,None,None,Kiwatule,320000000
L-UG-00120518,None,None,3,None,None,Mengo,320000000
L-UG-00120520,None,None,3,None,None,Kyanja,320000000
L-UG-00120540,None,None,1,None,None,Najjeera,350000000
L-UG-00120541,None,None,1,None,None,Kira,350000000
L-UG-00120542,None,None,3,None,None,Mawanda Rd,350000000
L-UG-00120545,None,None,4,None,None,Mengo,350000000
L-UG-00120549,None,None,4,None,None,Lugala,350000000
L-UG-00120550,None,None,3,None,None,Ntinda,350000000
L-UG-00120555,None,None,3,None,None,Bweyogerere,350000000
L-UG-00120564,None,None,4,None,None,Kira,350000000
L-UG-00120567,None,None,3,None,None,Kisaasi,350000000
L-UG-00120569,None,None,4,None,None,Bunamwaya,350000000
L-UG-00120576,None,None,3,None,None,Gayaza,360000000
L-UG-00120577,None,None,5,None,None,Lubowa,360000000
L-UG-00120579,None,None,1,None,None,Ntinda,370000000
L-UG-00120581,None,None,1,None,None,Namugongo,370000000
L-UG-00120584,None,None,4,None,None,Bbunga,370000000
L-UG-00120588,None,None,3,None,None,Lubowa,380000000
L-UG-00120592,None,None,4,None,None,Nalya,380000000
L-UG-00120595,None,None,2,None,None,Naalya,380000000
L-UG-00120597,None,None,3,None,None,Lungujja,380000000
L-UG-00120598,None,None,3,None,None,Kiwatule,380000000
L-UG-00120606,None,None,3,None,None,Lugala,400000000
L-UG-00120610,None,None,3,None,None,Buziga,400000000
L-UG-00120611,None,None,3,None,None,Kyambogo,400000000
L-UG-00120614,None,None,1,None,None,Bunga,420000000
L-UG-00120617,None,None,4,None,None,Kajjansi,420000000
L-UG-00120623,None,None,4,None,None,Buziga,430000000
L-UG-00120632,None,None,2,None,None,Kira,450000000
L-UG-00120634,None,None,4,None,None,Buziga,450000000
L-UG-00120636,None,None,3,None,None,Kyanja,450000000
L-UG-00120640,None,None,2,None,None,Kiwatule,450000000
L-UG-00120641,None,None,1,None,None,Ntinda,450000000
L-UG-00120642,None,None,4,None,None,Munyonyo,450000000
L-UG-00120643,None,None,4,None,None,Najjeera,450000000
L-UG-00120644,None,None,4,None,None,Najjeera,450000000
L-UG-00120646,None,None,4,None,None,Mutundwe,450000000
L-UG-00120652,None,None,2,None,None,kiwatule,450000000
L-UG-00120674,None,None,4,None,None,Bunga,500000000
L-UG-00120675,None,None,4,None,None,Bunga,500000000
L-UG-00120677,None,None,4,None,None,Muyenga,500000000
L-UG-00120680,None,None,4,None,None,Namirembe,500000000
L-UG-00120682,None,None,5,None,None,Rubaga,500000000
L-UG-00120686,None,None,4,None,None,Muyenga,520000000
L-UG-00120687,None,None,5,None,None,Lugala,520000000
L-UG-00120689,None,None,4,None,None,Naalya,530000000
L-UG-00120690,None,None,4,None,None,Nalya,540000000
L-UG-00120693,None,None,3,None,None,Naalya,550000000
L-UG-00120695,None,None,1,None,None,Najjeera,550000000
L-UG-00120696,None,None,4,None,None,Munyonyo,550000000
L-UG-00120697,None,None,5,None,None,Munyonyo,550000000
L-UG-00120698,None,None,5,None,None,Kirinya,550000000
L-UG-00120699,None,None,2,None,None,Kira,550000000
L-UG-00120703,None,None,4,None,None,Makerere,550000000
L-UG-00120707,None,None,4,None,None,Namugongo,550000000
L-UG-00120708,None,None,4,None,None,Lubowa,550000000
L-UG-00120709,None,None,4,None,None,muyenga,550000000
L-UG-00120711,None,None,4,None,None,Kisaasi,560000000
L-UG-00120713,None,None,3,None,None,Ntinda,570000000
L-UG-00120715,None,None,4,None,None,Kyaliwajjala,580000000
L-UG-00120718,None,None,4,None,None,Kisasi,600000000
L-UG-00120719,None,None,4,None,None,Bbunga,600000000
L-UG-00120721,None,None,4,None,None,Butabika,600000000
L-UG-00120724,None,None,4,None,None,Kiwatule,600000000
L-UG-00120725,None,None,6,None,None,Munyonyo,600000000
L-UG-00120727,None,None,5,None,None,Buziga,600000000
L-UG-00120728,None,None,6,None,None,Kulambilo,600000000
L-UG-00120736,None,None,4,None,None,Nitnda,650000000
L-UG-00120737,None,None,2,None,None,Ntinda,650000000
L-UG-00120740,None,None,3,None,None,Kyambogo,650000000
L-UG-00120741,None,None,5,None,None,Munyonyo,650000000
L-UG-00120742,None,None,3,None,None,Namirembe,650000000
L-UG-00120743,None,None,4,None,None,Kitende,650000000
L-UG-00120746,12,60,5,None,4,Kansanga,650000000
L-UG-00120747,None,None,5,None,None,Nalya,670000000
L-UG-00120748,None,None,5,None,None,Rubaga,670000000
L-UG-00120753,None,None,6,None,None,Buziga,680000000
L-UG-00120755,None,None,4,None,None,Bwebajja,680000000
L-UG-00120756,None,None,4,None,None,Nitnda,700000000
L-UG-00120757,None,None,4,None,None,Ntinda,700000000
L-UG-00120758,None,None,6,None,None,Muyenga,700000000
L-UG-00120759,None,None,4,None,None,Nalya,700000000
L-UG-00120762,None,None,4,None,None,Bukasa,700000000
L-UG-00120763,None,None,5,None,None,Muyenga,700000000
L-UG-00120764,None,None,3,None,None,Luzira,700000000
L-UG-00120765,None,None,4,None,None,Munyonyo,700000000
L-UG-00120767,None,None,3,None,None,Ntinda,720000000
L-UG-00120768,None,None,5,None,None,Najjeera,740000000
L-UG-00120770,None,None,5,None,None,Kisubi,750000000
L-UG-00120771,None,None,6,None,None,Nalya,750000000
L-UG-00120772,None,None,4,None,None,Naalya,750000000
L-UG-00120773,None,None,6,None,None,Bbunga,750000000
L-UG-00120774,None,None,4,None,None,Ntinda,750000000
L-UG-00120776,11,57,4,None,4,Naalya,750000000
L-UG-00120777,9,61,4,None,3,Ntinda,750000000
L-UG-00120778,None,None,4,None,None,Kiwatule,780000000
L-UG-00120782,None,None,5,None,None,Munyonyo,800000000
L-UG-00120783,None,None,3,None,None,Ntinda,800000000
L-UG-00120784,None,None,4,None,None,Ntinda,800000000
L-UG-00120787,None,None,5,None,None,Mengo,800000000
L-UG-00120788,None,None,6,None,None,Rubaga,800000000
L-UG-00120789,None,None,5,None,None,Bukoto,800000000
L-UG-00120793,None,None,5,None,None,Naalya,800000000
L-UG-00120794,None,None,5,None,None,Mbuya,800000000
L-UG-00120796,13,56,5,None,4,Naalya,800000000
L-UG-00120797,14,70,6,None,4,Bunga,800000000
L-UG-00120798,None,None,4,None,None,Kiwatule,820000000
L-UG-00120799,None,None,6,None,None,Bunga,820000000
L-UG-00120803,None,None,4,None,None,Luzira,850000000
L-UG-00120804,None,None,5,None,None,Luzira,2422002858
L-UG-00120805,None,None,5,None,None,Buziga,850000000
L-UG-00120806,None,None,4,None,None,Naalya,850000000
L-UG-00120808,None,None,4,None,None,Ntinda,850000000
L-UG-00120810,None,None,5,None,None,Bukasa,850000000
L-UG-00120811,None,None,4,None,None,Ntinda,850000000
L-UG-00120812,None,None,5,None,None,Bbunga,850000000
L-UG-00120813,None,None,8,None,None,Mutungo,850000000
L-UG-00120819,None,None,5,None,None,Butabika,900000000
L-UG-00120824,None,None,4,None,None,Kira,950000000
L-UG-00120825,None,None,4,None,None,Nalya,950000000
L-UG-00120826,None,None,5,None,None,Najjeera,950000000
L-UG-00120827,None,None,1,None,None,Ntinda,950000000
L-UG-00120829,None,None,5,None,None,Buziga,980000000
L-UG-00120830,None,None,4,None,None,Munyonyo,980000000
L-UG-00120832,None,None,5,None,None,Naalya,980000000
L-UG-00120833,13,58,5,None,4,Naalya,980000000
L-UG-00120834,None,None,5,None,None,Luzira,1000000000
L-UG-00120835,None,None,7,None,None,Butabika,1200000000
L-UG-00120836,None,None,7,None,None,Butabika,1200000000
L-UG-00120837,None,None,4,None,None,Mutungo,1200000000
L-UG-00120838,None,None,4,None,None,Munyonyo,1200000000
L-UG-00120840,None,None,5,None,None,Munyonyo,1200000000
L-UG-00120841,None,None,4,None,None,Munyonyo,1200000000
L-UG-00120845,None,None,3,None,None,Kawanda,70000000
L-UG-00120885,None,None,4,None,None,Kyebando,700000000
L-UG-00120896,None,None,4,None,None,mutundwe,380000000
L-UG-00120898,None,None,3,None,None,kanyanya,400000000
L-UG-00120902,None,None,6,None,None,wakiso,850000000
L-UG-00120908,None,None,6,None,None,Kiwatule,1557001759
L-UG-00120910,None,None,4,None,None,Munyonyo,650000000
L-UG-00120912,None,None,3,None,None,Kyanja,260000000
L-UG-00120916,None,None,5,None,None,Bunga,1384001564
L-UG-00120917,None,None,4,None,None,Mutungo,530000000
L-UG-00120927,None,None,10,None,None,Kawempe,300000000
L-UG-00120932,None,None,5,None,None,kyebando,600000000
L-UG-00120948,None,None,1,None,None,Kiwatule,1700000000
L-UG-00120949,None,None,5,None,None,Munyonyo,2768003128
L-UG-00120954,None,None,4,None,None,Rubaga,350000000
L-UG-00120955,None,None,5,None,None,Muyenga,900000000
L-UG-00120958,None,None,4,None,None,Kyanja,330000000
L-UG-00120960,None,None,2,None,None,Munyonyo,400000000
L-UG-00120963,None,None,4,None,None,Buziga,600000000
L-UG-00120964,None,None,5,None,None,Bugolobi,1730001955
L-UG-00120968,None,None,4,None,None,Nalya,300000000
L-UG-00120971,None,None,5,None,None,luzira,1730001955
L-UG-00120972,None,None,2,None,None,Bukoto,280000000
L-UG-00120975,None,None,5,None,None,Bunga,1384001564
L-UG-00121014,None,None,5,None,None,Bunga,980000000
L-UG-00121029,None,None,5,None,None,kiwatule,700000000
L-UG-00121031,None,None,5,None,None,Mutungo,1730001955
L-UG-00121039,None,None,4,None,None,Kyambogo,1314801486
L-UG-00121043,None,None,3,None,None,Kiwatule,120000000
L-UG-00121044,None,None,5,None,None,Bunga,1400000000
L-UG-00121051,None,None,5,None,None,kiwatule,1300000000
L-UG-00121052,None,None,4,None,None,Kyambogo,700000000
L-UG-00121058,None,None,4,None,None,Mutundwe,400000000
L-UG-00121066,None,None,4,None,None,Kiwatule,900000000
L-UG-00121070,None,None,5,None,None,Munyonyo,899601017
L-UG-00121073,None,None,3,None,None,Konge,320000000
L-UG-00121074,None,None,6,None,None,Bunga,1384001564
L-UG-00121076,None,None,4,None,None,Naguru,1038001173
L-UG-00121080,None,None,5,None,None,Ntinda,1211001368
L-UG-00121083,None,None,6,None,None,Kiwatule,1557001759
L-UG-00121087,None,None,4,None,None,kololo,10380011730
L-UG-00121089,None,None,4,None,None,Naalya,420000000
L-UG-00121093,None,None,5,None,None,Naguru,1730001955
L-UG-00121097,None,None,5,None,None,Buziga,670000000
L-UG-00121098,None,None,4,None,None,Muyenga,850000000
L-UG-00121100,None,None,4,None,None,Muyenga,850000000
L-UG-00121101,None,None,5,None,None,Muyenga,1903002246
L-UG-00121102,None,None,5,None,None,Muyenga,800000000
L-UG-00121106,None,None,5,None,None,Bunga,950000000
L-UG-00121107,None,None,5,None,None,Kololo,5190005865
L-UG-00121112,None,None,4,None,None,kisasi,800000000
L-UG-00121574,12,1011,5,720,5,Buziga,2595003062
L-UG-00121607,5,1620,4,25,3,Muyenga,1100000000
L-UG-00121634,5,None,5,None,3,ENTEBBE,350000000
L-UG-00121907,9,1500,4,None,4,Kyanja,3979004496448
L-UG-00121908,9,8500,4,None,3,Makindye,2422002737
L-UG-00121911,None,None,4,None,None,Lugala,999231829
L-UG-00121914,4,None,4,None,None,Munyonyo,3287003714457
L-UG-00121916,None,None,5,None,None,Muyenga,1380541560
L-UG-00121917,None,None,4,None,4,Naalya,759415498
L-UG-00121918,None,None,5,None,4,Butabika,865000977
L-UG-00121919,None,None,5,None,None,Butabika,916561956
L-UG-00121920,None,None,4,None,3,Buziga,1165768737
L-UG-00121931,None,None,3,None,2,Kulambilo,299767819
L-UG-00121932,None,None,3,None,None,Naalya,666154553
L-UG-00121933,None,None,3,None,3,Kiwatule,573063148
L-UG-00121936,10,None,5,None,4,ntinda,830400980
L-UG-00121939,10,None,5,None,5,Ggaba Road,1799202033
L-UG-00121955,None,None,5,None,None,Butabika,2248997005465
L-UG-00121956,None,None,4,None,None,Naalya,None
L-UG-00121958,None,None,5,None,None,Muyenga,4693841304245
L-UG-00121959,None,None,7,None,None,Butabika,4705605317539
L-UG-00121960,None,None,4,None,None,Naalya,4705605317539
L-UG-00121963,None,None,3,None,None,Buziga,7646608641001
L-UG-00121972,12,None,5,None,4,Buziga,670000000
L-UG-00121975,2,None,4,111,2,Muyenga,2249002541
L-UG-00121995,6,654,4,234,4,kira,550000000
L-UG-00122352,7,14,5,180,5,Munyonyo,899601062
L-UG-00122369,6,41,5,180,4,Buziga,2000000000
L-UG-00122370,6,25,3,250,3,Naguru,1038001225
L-UG-00122384,4,689,3,25,2,Bunga,550000000
L-UG-00122386,4,689,3,25,2,Bunga,550000000
L-UG-00122392,8,2000,4,1800,4,Luzira,2768003266
L-UG-00122441,10,4000,5,500,3,Kyanja,570000000
L-UG-00122453,7,500,5,23,3,Najjera,400000000
L-UG-00122458,6,250,5,23,3,Kisaasi,800000000
L-UG-00122460,5,689,4,25,3,Munyonyo,700000000
L-UG-00122654,6,27,4,250,4,Munyonyo,820000000
L-UG-00122765,3,250,1,22,1,Najjera,400000000
L-UG-00122809,6,250,2,22,3,Kiwatule,150000000
L-UG-00122814,6,250,4,23,3,Najjera,550000000
L-UG-00122815,6,250,4,22,3,Najjera,550000000
L-UG-00122817,5,250,4,23,3,Najjera,550000000
L-UG-00122819,None,None,4,None,None,Naalya,700000000
L-UG-00122824,3,1050,4,None,3,Naalya,1000000000
L-UG-00122827,5,None,5,None,3,Butabika,916561956
L-UG-00122829,7,1680,7,None,4,Bukoto,1020701153
L-UG-00122830,5,None,4,None,3,Muyenga,1487801681
L-UG-00122837,6,2105,6,None,6,Bunga,1903002150
L-UG-00122840,None,None,3,None,None,Muyenga,865000977
L-UG-00122842,5,1390,4,40,3,Bukoto Crescent,2422002737
L-UG-00122843,5,8400,3,None,2,Kololo,2249002541
L-UG-00122845,None,None,6,None,None,Munyonyo,2318202620
L-UG-00122846,None,None,6,None,None,Naalya,1366701544
L-UG-00122847,5,850,5,None,6,Muyenga,1505101701
L-UG-00122849,None,None,3,None,None,Mbuya,5190005865
L-UG-00122850,None,None,4,None,None,Muyenga,1262901427
L-UG-00122851,None,None,5,None,None,Munyonyo,2768003128
L-UG-00122852,None,None,4,None,None,Buziga,650000000
L-UG-00122855,7,1050,5,60,6,Munyonyo,2249002541
L-UG-00122856,None,None,4,None,None,Muyenga,1903002150
L-UG-00122857,6,2100,5,None,4,Bandali cl,1107201251
L-UG-00122858,None,None,4,None,None,Munyonyo,1314801486
L-UG-00122859,4,1050,4,None,2,Naalya,495000000
L-UG-00122878,3,1050,3,None,2,Makindye,450000000
L-UG-00122879,3,850,3,None,2,Munyonyo,650000000
L-UG-00124163,8,None,5,None,6,Bunga,968801095
L-UG-00124179,8,None,5,None,5,Bunga,934201056
L-UG-00124333,None,None,None,None,None,Butabika,1500000000
L-UG-00124334,None,None,None,None,None,Buziga Konge,2076002346
L-UG-00124394,None,None,4,None,None,Kampala,420000000
L-UG-00124398,None,None,5,None,None,Muyenga,5190005865
L-UG-00124403,None,None,6,None,None,Munyonyo,1500000000
L-UG-00124404,None,None,None,None,None,Lubaga,900000000
L-UG-00124405,None,None,None,None,None,Mengo,1600000000
L-UG-00124407,None,None,4,None,None,Munyonyo,588200665
L-UG-00124408,None,None,None,None,None,Muyenga,1100000000
L-UG-00124409,None,None,None,None,None,Naalya,700000000
L-UG-00124411,None,None,None,None,None,Muyenga,5190005865
L-UG-00124412,None,None,None,None,None,Butabika,1500000000
L-UG-00124413,None,None,None,None,None,Naguru,5190005864933
L-UG-00124416,None,None,None,None,None,Ntinda,1384001564
L-UG-00124418,None,None,None,None,None,Naguru,3287003714
L-UG-00124420,None,None,None,None,None,Muyenga,1211001368
L-UG-00124421,None,None,None,None,None,Muyenga,1211001368
L-UG-00125001,None,None,4,None,None,Kampala,122117378
L-UG-00125015,None,None,3,None,None,Kampala,173000196
L-UG-00125017,None,None,3,None,None,Kampala,279852036
L-UG-00125018,None,None,4,None,None,Kampala,167910530
L-UG-00125027,None,None,2,None,None,Kampala,966766612
L-UG-00125028,None,None,2,None,None,Kampala,854825106
L-UG-00125030,None,None,4,None,None,Kampala,376531466
L-UG-00125031,None,None,3,None,None,Kampala,244234756
L-UG-00125032,None,None,4,None,None,Kampala,203531270
L-UG-00125079,9,1175,5,1675,5,Mutundwe,1600000000
L-UG-00126015,6,1213,3,7,2,Rubaga Kampala,450000000
L-UG-00126191,3,793,3,457,3,Kampala,None
L-UG-00126192,3,1006,3,518,3,Kampala,None
L-UG-00126193,4,1219,4,732,4,Kampala,None
L-UG-00126194,5,1981,5,1067,5,Kampala,None
L-UG-00126894,5,1200,3,260,2,Gayaza,190000000
L-UG-00126895,3,4000,4,200,4,Kira,340000000
L-UG-00127082,8,10000,6,500,6,Garuga,3400000000
L-UG-00127392,10,30000,8,300,6,Gayaza,800000000
L-UG-00128005,None,500,3,None,2,bukoto,360000000
L-UG-00128006,None,500,3,None,2,Bukoto,360000000
L-UG-00128010,None,600,4,40,3,Kyambogo road,500000000
L-UG-00128013,None,600,4,None,3,Kyambogo road.,500000000
L-UG-00128018,None,None,4,None,3,Ntinda,600000000
L-UG-00128019,None,500,4,None,3,Ntinda,600000000
L-UG-00128020,None,500,4,None,3,Ntinda,600000000
L-UG-00128021,None,416,4,250,4,Naalya,650000000
L-UG-00128022,None,416,4,250,4,Naalya,650000000
L-UG-00128023,None,416,4,250,4,Naalya,650000000
L-UG-00128024,None,None,4,None,4,Muyenga,800000000
L-UG-00128025,None,500,4,None,4,Contact seller for address in Muyenga,800000000
L-UG-00128026,None,500,4,None,4,Muyenga,800000000
L-UG-00128027,None,600,7,250,6,Kiwafu road,950000000
L-UG-00128028,None,600,7,250,6,Kiwafu road,950000000
L-UG-00128029,None,600,7,250,6,Kiwafu road,950000000
L-UG-00128041,None,465,4,250,3,Kakungulu estate,270000000
L-UG-00128042,None,555,4,None,4,Along stretcher,865000977
L-UG-00128043,None,555,4,None,4,Along stretcher,865000977
L-UG-00128044,None,555,4,None,4,Along stretcher,865000977
L-UG-00128045,None,555,4,None,4,Along stretcher,865000977
L-UG-00128046,None,None,4,None,5,bunga,1038001173
L-UG-00128047,None,500,4,None,5,bunga,1038001173
L-UG-00128048,None,500,4,None,5,Bunga,1038001173
L-UG-00128054,None,1011,5,90,4,Near heritage international school,1384001564
L-UG-00128055,None,1000,4,200,4,Kansanga Muyenga,1384001564
L-UG-00128056,None,700,4,57,4,Nalya road,None
L-UG-00128057,None,700,4,57,4,Nalya road,1384001564
L-UG-00128058,None,1011,5,90,4,Near heritage international school,1384001564
L-UG-00128059,None,1000,4,200,4,Kansanga Muyenga,1384001564
L-UG-00128060,None,1000,4,200,4,Kansanga Muyenga,1384001564
L-UG-00128061,None,1011,5,90,4,Near heritage international school,1384001564
L-UG-00128062,None,1416,6,250,5,Luzira,1557001759
L-UG-00128063,None,418,None,None,5,Near the common wealth,1557001759
L-UG-00128064,None,1416,6,250,5,Luzira,1557001759
L-UG-00128065,None,418,None,None,5,Near the common wealth,1557001759
L-UG-00128066,None,418,None,None,5,Near the common wealth,1557001759
L-UG-00128067,None,1416,6,250,5,Luzira,1557001759
L-UG-00128068,None,70000,4,50,4,Near Kansanga,1730001955
L-UG-00128069,None,1200,5,None,5,Kyambogo road.,1730001955
L-UG-00128070,None,70000,4,50,4,Near Kansanga,1730001955
L-UG-00128071,None,1200,5,None,5,Kyambogo road,1730001955
L-UG-00128072,None,1200,5,None,5,Kyambogo road,1730001955
L-UG-00128073,None,1200,5,None,5,Kyambogo road,1730001955
L-UG-00128074,None,1200,5,None,5,Kyambogo road,1730001955
L-UG-00128075,None,1011,5,250,5,Muyenga,1903002150
L-UG-00128076,None,700,5,50,5,Ntinda Kyambogo,1903002150
L-UG-00128077,None,700,5,50,5,Ntinda Kyambogo,1903002150
L-UG-00128078,None,None,4,None,5,Naguru,2076002346
L-UG-00128079,None,500,5,300,5,Near the common wealth,2076002346
L-UG-00128080,None,500,5,300,5,Near the common wealth,2076002346
L-UG-00128081,None,416,4,10,5,Contact seller for address in Naguru,2076002346
L-UG-00128082,None,416,4,10,5,Naguru,2076002346
L-UG-00128083,None,500,5,300,5,Near the common wealth,2076002346
L-UG-00128086,None,414,5,250,4,Luzira,2422002737
L-UG-00128087,None,414,5,250,4,Luzira,2422002737
L-UG-00128088,None,414,5,250,4,Near Laake,2422002737
L-UG-00128089,None,700,5,None,5,near the lake,2595002932
L-UG-00128090,None,700,5,None,5,near the lake,2595002932
L-UG-00128091,None,700,5,None,5,Near Herritage international school,3114003519
L-UG-00128092,None,700,5,None,5,Near Herritage international school,3114003519
L-UG-00128093,None,414,6,250,5,Muyenga,3390803832
L-UG-00128094,None,700,4,250,4,Kololo,5536006256
L-UG-00128095,None,700,4,250,4,Kololo,5536006256
L-UG-00128096,None,700,4,250,4,Kololo,5536006256
L-UG-00128097,None,1800,5,500,4,Near the common wealth Hotel.,2249002541
L-UG-00128098,None,1850,5,650,5,Near the common wealth,1314801486
L-UG-00128099,None,1850,5,800,5,Near the common wealth Hotel.,1211001368
L-UG-00128100,None,7500,12,1800,12,Near the common wealth Hotel.,6920007820
L-UG-00128101,None,2700,5,1000,7,Ntinda 2 Road,6228007038
L-UG-00128102,None,7500,28,6800,30,Kabalega Rd,6228007038
L-UG-00128104,None,1850,5,800,5,Near the common wealth Hotel.,1384001564
L-UG-00128247,6,21000,4,210,2,Munyonyo,6000000000
L-UG-00128249,5,22000,3,220,2,Kiwatule,180000000
L-UG-00128326,12,25,6,100,6,Munyonyo,4844005716
L-UG-00128329,10,15,4,100,3,Ntinda,900000000
L-UG-00128341,16,37,7,100,6,Mutundwe,1557001837
L-UG-00128348,6,7654,5,6548,4,nalya,650000000
L-UG-00128350,6,7654,5,6548,4,nalya,650000000
L-UG-00128351,5,9874,4,7467,3,muyenga,8650010
L-UG-00128414,5,31000,3,310,2,Mbuya,600000000
L-UG-00128426,5,23000,3,230,2,Kisaasi,125000000
L-UG-00128454,5,30000,3,300,2,Makindye,150000000
L-UG-00128465,5,40000,3,400,2,Kiwatule,185000000
L-UG-00128496,14,920,7,29,6,Mbuya,1550000000
L-UG-00128509,6,254,1,160,1,Komamboga,35000000
L-UG-00128565,4,480,2,214,2,Kyanja,1500000000
L-UG-00128568,10,460,4,214,3,Kisaasi,900000000
L-UG-00128569,17,1012,7,214,7,Kisaasi road,800000000
L-UG-00128991,6,25,4,13,4,Kololo,5536006532
L-UG-00128993,7,25,5,130,5,Munyonyo,1038001225
L-UG-00128995,10,1051,5,850,3,Bugolobi,1487801681
L-UG-00128997,8,7500,6,120,5,Kololo Hill,7266008211
L-UG-00128998,7,5000,4,80,3,Kololo Hill,5536006256
L-UG-00129051,7,7500,5,80,3,bugolobi,2249002541
L-UG-00129139,8,5000,6,100,5,kololo Hill,5363006060
L-UG-00129140,7,5000,5,80,4,Naguru Hill,1384001564
L-UG-00129173,4,1100,2,550,1,Kiwatule,230000000
L-UG-00129175,5,1200,3,600,2,Muyenga,230000000
L-UG-00129183,None,None,4,None,3,Garuga,200000000
L-UG-00129203,None,None,4,None,3,Entebbe road,450000000
L-UG-00129207,None,None,3,None,2,Opp Quality Shopping Mall,350000000
L-UG-00129209,10,486,4,214,4,Namugongo Road,800000000
L-UG-00129210,10,486,4,214,3,Namugongo Road next to Quality Suppermarket,700000000
L-UG-00129214,17,1418,5,214,5,Masaka room,1730001955
L-UG-00129217,10,1042,5,214,4,Muyenga,1211001429
L-UG-00129532,5,25,3,250,3,Entebbe road,250000000
L-UG-00129543,5,250,3,23,2,Bweyogerere,500000000
L-UG-00129544,6,250,4,23,3,Kyanja,370000000
L-UG-00129548,4,250,2,22,1,Kyanja,500000000
L-UG-00129557,3,200,1,22,1,Najjera,450000000
L-UG-00129558,3,200,1,22,1,Najjera,650000000
L-UG-00129559,4,200,2,22,1,Najjera,360000000
L-UG-00129570,11,1012,4,214,4,Naguru,560000000
L-UG-00129576,14,9758,5,857,4,Muyenga,2214402613
L-UG-00129624,5,689,4,None,3,Kireka,150000000
L-UG-00129642,10,100,4,50,3,Naalya,450000000
L-UG-00129646,8,25,3,100,3,Butabika,650000000
L-UG-00129650,15,50,5,50,5,Kimera road,5536006532
L-UG-00129652,12,20,4,100,4,Naalya,850000000
L-UG-00129682,6,1013,4,284,3,Kololo,5536006532
L-UG-00129723,5,25,3,250,3,Mutungo,5190006
L-UG-00129724,8,25,6,250,5,Munyonyo,2595003062
L-UG-00129726,8,50,6,180,5,Naguru,5536006532
L-UG-00129727,15,100,10,100,7,Buziga hill,6920008166
L-UG-00129729,13,920,4,30,4,Munyonyo,1600000000
L-UG-00129761,6,2400,4,1200,2,Mbuya,1500000000
L-UG-00129767,7,1500,5,750,4,Muyenga,2176000000
L-UG-00129818,15,40,5,100,5,Naguru near Police HQ,3062103460
L-UG-00129820,4,445,2,404,2,Salama Road,60000000
L-UG-00129825,6,1200,3,600,3,Mpererwe,74289748
L-UG-00129833,4,1200,2,600,1,Mpererwe,350000000
L-UG-00129841,7,1500,5,750,3,Ntinda,950000000
L-UG-00129846,9,400,3,250,3,Mogas- near Naalya Roundabout,400000000
L-UG-00129862,5,1000,3,500,1,Kisaasi,127207050
L-UG-00129866,4,1100,2,550,2,Kiwatule,210000000
L-UG-00129869,5,1200,3,600,2,Muyenga,230000000
L-UG-00129883,5,220,4,26,3,Ntinda,500000000
L-UG-00129887,5,235,4,26,3,Kisaasi Kyanja road,340000000
L-UG-00129898,14,30,5,50,4,Lubowa after quality shopping village,800000000
L-UG-00129903,6,60,6,10000,4,Kyanja,750000000
L-UG-00129917,5,100,3,25,2,nalya,450000000
L-UG-00129919,5,2000,3,100,2,Makindye,340000000
L-UG-00129920,5,100,4,25,3,nalya,450000000
L-UG-00129922,5,100,3,30,2,nalya,450000000
L-UG-00129924,5,1000,3,500,1,Makindye,150000000
L-UG-00129930,6,2400,4,1200,3,Mbuya,1500000000
L-UG-00129935,5,12000,3,600,1,Makindye,170000000
L-UG-00129937,3,2000,4,100,4,Naguru,1020000000
L-UG-00129938,2,100,1,25,1,Nalya estate,500000000
L-UG-00129966,5,1000,3,500,1,Kiwatule,187000000
L-UG-00129972,5,1200,3,600,2,Katooke,28000000
L-UG-00129987,7,25,5,300,5,Munyonyo,1211001429
L-UG-00129991,7,1000,4,800,2,Ntinda,525000000
L-UG-00129993,13,1012,5,214,5,Munyonyo,1500000000
L-UG-00130000,9,1012,4,214,2,Kigowa,500000000
L-UG-00130002,9,460,4,214,2,Kyanja,340000000
L-UG-00130022,550,1000,3,500,1,Mpererwe,200000000
L-UG-00130023,3,1100,2,550,1,Kiwatule,210000000
L-UG-00130025,5,1000,3,500,1,Mpererwe,220000000
L-UG-00130035,4,1000,2,500,1,Kiwatule,230000000
L-UG-00130047,7,9,5,9,5,Kisaasi,900000000
L-UG-00130070,5,1100,3,550,2,Kisaasi,120000000
L-UG-00130083,20,78,10,250,7,Bugolobi,4152004899366
L-UG-00130096,5,1100,3,575,2,Kisaasi,124000000
L-UG-00130097,7,1200,4,600,2,Lungujja,320000000
L-UG-00130103,4,1000,2,500,1,Buziga,320000000
L-UG-00130107,7,1200,3,600,2,Makindye,350000000
L-UG-00130113,15,25,5,100,4,Bunga,1038001225
L-UG-00130140,6,25,4,250,3,Ntinda,600000000
L-UG-00130143,15,18,5,50,5,Naalya,800000000
L-UG-00130156,6,930,4,606,3,Munyonyo Wavahmunno road,650000000
L-UG-00130160,9,2023,4,200,2,Mizindalo Road Bugolobi,2595003062
L-UG-00130175,5,1300,3,650,2,Bunga,1038001225
L-UG-00130186,7,3000,5,1500,4,Muyenga,2214402613
L-UG-00130187,5,1000,3,500,1,Kanyanya,250000000
L-UG-00130189,8,1200,5,600,2,Naalya,800000000
L-UG-00130192,7,1200,4,600,2,Ntinda,600000000
L-UG-00130229,5,47,3,250,3,Kololo,2768003266
L-UG-00130233,8,2500,5,1250,5,Rubaga,553600653249
L-UG-00130239,4,250,5,23,4,munyonyo,2000000000
L-UG-00130241,7,250,5,23,3,Najjera,800000000
L-UG-00130243,6,200,4,22,3,Najjera,350000000
L-UG-00130291,7,460,3,214,2,Naalya,160000000
L-UG-00130294,13,1215,5,214,5,Kisaasi,900000000
L-UG-00130298,5,809,3,606,2,MUNYONYO,230000000
L-UG-00130359,4,404,2,323,2,Munyonyo off Wavahmunno Road,60000000
L-UG-00130375,9,1215,4,214,2,Mengo,750000000
L-UG-00130376,12,1215,5,214,4,Bunga,1557001837
L-UG-00130386,7,508,5,302,5,Kiwatule,170000000
L-UG-00130387,15,50,4,50,3,Munyonyo,1557001837
L-UG-00130398,15,18,5,50,5,Kisaasi,850000000
L-UG-00130399,15,60,4,50,4,Bugolobi,1384001633
L-UG-00130412,5,2000,2,200,1,Kikoni,500000000
L-UG-00130432,6,15,5,250,5,Kyanja,600000000
L-UG-00130449,13,460,5,214,5,Munyonyo,2249002654
L-UG-00130495,8,486,3,214,2,Kyanja,250000000
L-UG-00130506,13,1012,5,214,5,Bunga,1557001837
L-UG-00130513,15,25,4,50,4,Kiwanga,350000000
L-UG-00130514,15,20,5,100,5,Bukesa,1200000000
L-UG-00130524,6,250,5,22,3,Ntinda,350000000
L-UG-00130527,6,250,5,23,3,Naalya,700000000
L-UG-00130537,3,250,1,22,1,Ntinda,450000000
L-UG-00130538,6,250,4,23,3,Kiwatule,900000000
L-UG-00130541,4,250,2,22,1,Kulambiro,100000000
L-UG-00130542,7,20,5,25,5,Muyenga,1200000000
L-UG-00130554,8,50,6,2,5,Naguru,5536006532
L-UG-00130566,7,3500,4,1300,3,Bugolobi,2076002346
L-UG-00130632,13,1215,5,214,5,Kyanja,1300000000
L-UG-00130649,10,1215,4,214,3,Munyonyo,700000000
L-UG-00130653,20,50,6,100,6,Muyenga,3460004083
L-UG-00130654,15,25,4,100,4,Buziga,650000000
L-UG-00130675,8,122,5,24,4,Buziga,850000000
L-UG-00130684,5,124,3,17,2,Seguku,950000000
L-UG-00130690,11,917,4,18,3,Muyenga,650000000
L-UG-00130694,17,1012,3,16,3,Muyenga,500000000
L-UG-00130734,9,4046,3,359,3,Mbuya,None
L-UG-00130735,9,6474,4,325,3,Makindye,None
L-UG-00130746,10,460,4,214,3,Kisaasi,900000000
L-UG-00130789,6,450,5,130,4,Bunga,1730001955
L-UG-00130790,None,1000,None,160,None,Muyenga,1730001955
L-UG-00130792,7,400,6,150,5,Ggaba Street,865000977
L-UG-00131049,None,None,7,None,6,Luzira,1384001564
L-UG-00131050,None,None,4,None,4,Muyenga,800000000
L-UG-00131051,None,None,3,None,3,Kira,260000000
L-UG-00131053,None,None,4,None,4,Kololo,6920007820
L-UG-00131056,13,None,5,None,4,Bugolobi,2076002346
L-UG-00131193,15,658,5,214,5,ntinda,1384001633
L-UG-00131194,7,1200,4,25,3,Muyenga,1200000000
L-UG-00131197,6,120,6,31,5,Kisaasi Bahai,650000000
L-UG-00131198,7,200,5,23,4,Ntinda,800000000
L-UG-00131205,5,200,4,23,3,Ndejje Behind Lubowa esate,230000000
L-UG-00131214,6,1400,3,700,2,Rubaga,5100000000
L-UG-00131223,3,3000,2,1500,1,Kyanja,862000000
L-UG-00131226,6,4800,3,2400,2,Kiwatule,5100000000
L-UG-00131234,None,None,3,None,3,Kololo,5190005865
L-UG-00131235,None,None,4,None,5,Kololo,6920007820
L-UG-00131236,None,None,6,None,5,Kololo,5190005865
L-UG-00131237,None,None,4,None,3,Bugolobi,2941003323
L-UG-00131396,15,25,5,100,5,MUYENGA-KIWAFU,1903002246
L-UG-00131397,15,None,4,50,4,Munyonyo,1384001564
L-UG-00131406,4,3000,2,1500,1,Kyanja,872000000
L-UG-00131409,None,None,3,None,None,Kampala,342540387
L-UG-00131411,None,None,4,None,None,Kampala,570900645
L-UG-00131414,None,None,4,None,None,Kampala,692000782
L-UG-00131417,None,242,3,140,2,Kampala,501700567
L-UG-00131418,None,307,3,158,2,Kampala,588200665
L-UG-00131420,7,None,5,1212,4,Kampala,700000000
L-UG-00131421,None,372,4,223,4,Kampala,778500880
L-UG-00131422,7,None,4,1213,4,Kampala,600000000
L-UG-00131424,7,20,5,250,4,Kisaasi,900000000
L-UG-00131434,6,None,5,None,5,KISASI,800000000
L-UG-00131526,9,30000,5,1500,2,Muyenga,2196000000
L-UG-00131527,9,30000,5,1500,3,Muyenga,2176000000
L-UG-00131531,5,1100,3,575,2,Kisaasi,124000000
L-UG-00131535,9,2500,5,1250,3,Rubaga,1600000000
L-UG-00131537,8,20000,5,1000,2,Kiwatule,1500000000
L-UG-00131538,7,2400,4,1200,2,Mbuya,1500000000
L-UG-00131570,7,930,3,64,2,New village,500000000
L-UG-00131571,14,520,5,96,5,Muyenga,700000000
L-UG-00131578,12,465,3,26,2,Kiwatule,200000000
L-UG-00131760,14,50,5,50,4,Kansanga,500000000
L-UG-00131761,14,17,3,50,3,Luzira lake drive,700000000
L-UG-00131791,13,1214,6,456,5,Kisaasi,700000000
L-UG-00131792,10,1012,4,432,3,Ntinda,650000000
L-UG-00131795,6,809,4,809,3,Kansanga Ggaba road,300000000
L-UG-00131796,4,5000,2,2500,1,Kiwatule,1400000000
L-UG-00131797,9,5000,5,2500,3,Bunga,1360000000
L-UG-00131798,7,1400,5,700,2,Bunga,1360000000
L-UG-00131801,9,1400,5,700,3,Bunga,1280000000
L-UG-00131809,7,3000,5,1500,4,Kiwatule,690000000
L-UG-00131810,8,1300,5,650,2,Bunga,1038001225
L-UG-00131812,4,1000,2,500,1,Bakuli,99731158
L-UG-00131817,6,2500,4,1250,3,Ntinda,600000000
L-UG-00131831,10,480,5,214,3,Naalya,650000000
L-UG-00131832,8,1300,5,650,2,Bunga,1020000000
L-UG-00131836,7,1000,4,500,2,Naguru,1030000000
L-UG-00131862,7,2500,4,1250,2,Naguru,1020000000
L-UG-00131867,7,3000,4,1500,2,Ntinda,1000000000
L-UG-00131871,7,None,4,1212,4,Kampala,500000000
L-UG-00131872,7,300,5,23,4,Naguru,1384001633
L-UG-00131877,8,300,6,23,5,Ntinda,1107201307
L-UG-00131879,6,300,4,23,3,Ntinda,900000000
L-UG-00131880,5,None,3,1213,3,Kampala,350000000
L-UG-00131881,4,250,2,22,1,Kitende,500000000
L-UG-00131882,6,750,3,23,2,seguku,1000000000
L-UG-00131884,6,200,4,23,3,Kira,280000000
L-UG-00131898,12,1012,6,642,4,Naguru,1730002041
L-UG-00131899,12,1012,5,446,5,Munyonyo,1200000000
L-UG-00131900,10,1214,4,542,4,Kyanja,1200000000
L-UG-00131901,10,809,4,432,4,Ggaba road,1038001225
L-UG-00131909,28,2023,4,20,3,Muyenga,None
L-UG-00131914,6,1013,4,150,3,bukoto,900000000
L-UG-00131924,12,1,10,180,8,Buziga,6920008166
L-UG-00131929,14,13,4,50,4,Munyonyo,550000000
L-UG-00131930,15,30,6,100,5,Naalya,1557001837
L-UG-00131938,8,1500,5,750,2,Ntinda,950000000
L-UG-00131942,9,3000,5,1500,3,Bunga,950000000
L-UG-00131944,8,1400,5,700,2,Naguru,950000000
L-UG-00131947,8,2000,5,1000,2,Bunga,930000000
L-UG-00131948,9,526,4,322,3,Kisaasi,450000000
L-UG-00131958,7,1400,4,700,2,Ntinda,900000000
L-UG-00131964,None,None,5,None,4,Kisasi Estate,920000
L-UG-00131965,None,None,None,None,None,Namugongo,350000000
L-UG-00131966,None,None,5,None,4,Naalya Estate,650000000
L-UG-00131974,5,1200,3,600,2,Mpererwe,60000000
L-UG-00131975,6,1300,4,650,4,Munyonyo,550000000
L-UG-00131979,8,6000,6,3000,5,Muyenga,3460004083
L-UG-00131988,8,3000,5,1500,2,Kampala,1660801960
L-UG-00132003,14,1000,6,214,5,MUYENGA,2941003470
L-UG-00132004,15,972,6,214,5,Nalya,950000000
L-UG-00132009,13,5000,9,40,6,Buziga,1800000000
L-UG-00132014,8,1618,5,1618,5,Buziga Makindye,1730002041
L-UG-00132016,16,1400,10,700,5,Buziga,6920008166
L-UG-00132018,3,2000,2,1000,1,Kyanja,250000000
L-UG-00132028,15,688,4,500,5,Ntinda,2595002932
L-UG-00132034,14,1000,4,400,4,Bukasa road,1176401329
L-UG-00132060,7,None,5,1212,4,Kampala,700000000
L-UG-00132065,18,800,8,400,5,Ntinda,5190005865
L-UG-00132154,9,526,4,232,3,Kyanja,350000000
L-UG-00132671,2,None,1,465,1,Namugongo,350000000
L-UG-00132698,4,930,1,1,1,Kyanja,350000000
L-UG-00132751,12,1421,5,1,4,Munyonyo,1000000000
L-UG-00132765,6,1096,2,1,2,naalya behind quality supermarket,320000000
L-UG-00132769,15,1512,6,1,6,Ntinda-Kisaasi,1000000000
L-UG-00132847,10,2629,6,2629,5,Naguru,5190006124
L-UG-00133089,20,42,5,50,5,Buziga,1800000000
L-UG-00133107,5,25,4,250,3,Muyenga,4152005
L-UG-00133116,10,2500,6,1250,3,Kampala,800000000
L-UG-00133178,15,20,5,50,5,Munyonyo,1384001633
L-UG-00133179,15,25,5,100,5,Munyonyo,450000000
L-UG-00133185,8,1700,5,850,2,Munyonyo,1384001633
L-UG-00133189,9,1012,4,432,3,Ntinda,650000000
L-UG-00133198,7,3000,5,1500,5,Kisaasi,920000000
L-UG-00133202,6,None,6,None,5,KISAASI,900000000
L-UG-00133205,2,850,2,None,1,Bhai road,180000000
L-UG-00133210,4,688,3,25,2,Kibuli,300000000
L-UG-00133211,4,688,3,25,2,Bunga,430000000
L-UG-00133212,4,688,3,25,2,Konge,300000000
L-UG-00133214,8,230,8,24,7,Kitende,650000000
L-UG-00133222,2,16,1,13,1,Kyanja,370000000
L-UG-00133228,10,1012,5,324,3,Kyanja,580000000
L-UG-00133245,6,300,3,150,2,Busabala,21000000
L-UG-00133249,6,1000,3,500,2,Kibuli,29000000
L-UG-00133251,4,1000,2,500,1,Busabala,13000000
L-UG-00133253,8,21,4,17,3,Kiwatule,450000000
L-UG-00133266,2,20,1,16,1,Kiwatule,420000000
L-UG-00133279,None,None,5,None,None,Bunga,1730001955
L-UG-00133324,8,300,6,22,5,Ntinda,1107201307
L-UG-00133339,7,526,3,234,2,Kyanja,270000000
L-UG-00133341,7,728,4,342,3,Naguru,470000000
L-UG-00133345,9,1821,5,522,4,Luzira,1557001837
L-UG-00133369,8,1012,4,422,3,Ntinda,600000000
L-UG-00133396,14,17,5,50,5,Munyonyo,1384001633
L-UG-00133397,10,40,6,100,4,Nakasero,3460004083
L-UG-00133403,12,1012,5,432,4,Muyenga,6920008
L-UG-00133415,7,334,6,40,5,Ntinda,4498005308
L-UG-00133421,7,2300,6,450,5,Munyonyo,5190006124
L-UG-00133433,6,20,3,13,3,Kisaasi,340
L-UG-00133435,6,2800,3,1400,2,Kansanga,700000000
L-UG-00133440,6,24,4,19,3,Kiwatule,450000000
L-UG-00133444,8,None,3,250,3,Naguru,1384001633
L-UG-00133445,8,1214,4,432,3,Kyambogo,500000000
L-UG-00133449,9,1012,4,432,3,Ggaba road,700000000
L-UG-00133450,10,None,4,250,4,Bunga,1557001837
L-UG-00133455,14,2024,8,642,6,Kololo,5536006532
L-UG-00133460,15,972,5,250,5,Naalya,1000000000
L-UG-00133461,10,486,4,250,3,Nalya,450000000
L-UG-00133462,10,486,4,250,3,Naalya,450000000
L-UG-00133467,12,12,6,None,5,Naalya,2076002450
L-UG-00133475,12,None,6,214,5,Bunga,1557001837
L-UG-00133478,5,None,3,214,2,Naalya,160000000
L-UG-00133480,6,None,3,None,2,Naalya,300000000
L-UG-00133483,9,None,3,None,2,Kampala,1384001633
L-UG-00133498,3,1250,3,None,3,Muhoozi raod,750000000
L-UG-00133499,5,1050,5,None,4,Munyonyo,1300000000
L-UG-00133503,8,1300,5,650,2,Bunga,1038001225
L-UG-00133511,2,1500,1,750,None,Kanyanya,250000000
L-UG-00133521,5,1300,3,650,2,Makindye,350000000
L-UG-00133528,4,1200,2,600,1,Bombo Road,360000000
L-UG-00133535,4,1000,2,500,1,Busabala,22000000
L-UG-00133536,18,None,7,250,7,Munyonyo,5190006124
L-UG-00133540,8,1700,5,850,2,Munyonyo,1384001633
L-UG-00133541,10,2000,8,1000,6,Munyonyo,1384001633
L-UG-00133642,12,1294,5,305,5,kawuku bunga,1557001837
L-UG-00133643,20,100,5,100,5,Bugolobi,17300020
L-UG-00133663,7,2500,4,1250,2,Ntinda,610000000
L-UG-00133665,8,2500,5,1250,2,Rubaga,553000000
L-UG-00133667,5,1200,3,600,2,Kiwatule,280000000
L-UG-00133668,6,1300,3,650,2,Makindye,350000000
L-UG-00133676,4,1200,2,600,1,Kisaasi,260000000
L-UG-00133689,11,11,5,250,4,Bunga,1384001633
L-UG-00133691,15,20,6,250,6,Naguru,5190006124
L-UG-00133692,13,8,5,250,5,Muyenga,1200000000
L-UG-00133696,6,2800,3,1400,2,Kansanga-Muyenga,710000000
L-UG-00133699,9,None,4,250,3,Naalya,400000000
L-UG-00133702,4,689,3,25,2,Bunga- Kalungu,390000000
L-UG-00133703,4,689,3,25,2,Salama road- Kabuuma,70000000
L-UG-00133712,5,689,4,25,3,Muyenga,900000000
L-UG-00133713,9,None,4,250,3,Naalya,450000000
L-UG-00133719,8,526,4,322,4,Munyonyo,550000000
L-UG-00133720,12,1012,5,432,5,Bugolobi,968801095
L-UG-00133727,10,None,4,100,3,30 meters off tarmac,600000000
L-UG-00133743,7,450,4,300,4,Munyonyo,519000586
L-UG-00133755,11,1500,6,1000,5,Naguru,3460003910
L-UG-00133756,5,2000,3,1000,2,Kibuli,270000000
L-UG-00133762,5,2500,3,1250,2,Katooke,27000000
L-UG-00133767,3,1200,2,600,1,Busabala,20000000
L-UG-00133768,4,2500,2,1250,1,Busabala,13000000
L-UG-00133777,14,2024,6,542,5,Naguru,5536006532
L-UG-00133784,12,526,5,322,4,Ntinda Minister's Village,900000000
L-UG-00133787,7,450,3,130,2,5th floor,2000000
L-UG-00133796,10,25,3,50,2,Bemuga road,380000000
L-UG-00133797,None,50,3,None,2,muyenga kironde road,550000
L-UG-00133798,6,None,3,None,2,Muyenga Kironde Road,550000000
L-UG-00133808,6,None,3,None,2,Nsambya Rroad,500000000
L-UG-00133829,20,25,6,100,6,Bahai hill,800000000
L-UG-00133840,3,1000,1,500,1,Kanyanya,260000000
L-UG-00133854,8,1300,5,650,2,Bunga,1038001225
L-UG-00133859,5,2800,3,1400,3,Kansanga,680000000
L-UG-00133888,9,1012,4,422,3,Ntinda,600000000
L-UG-00133891,12,1012,5,432,4,Bukoto,1211001429
L-UG-00133892,12,3750,4,450,4,Bugolobi,1903002246
L-UG-00133909,5,1300,3,650,2,Kiwatule,280000000
L-UG-00133912,8,2500,6,1250,3,Kisaasi,800000000
L-UG-00133939,6,34,5,34,4,Najeera,1400000000
L-UG-00133940,5,200,4,34,3,Kitende,470000000
L-UG-00133954,8,260,4,43,3,Ntinda,550000000
L-UG-00133965,5,1500,3,150,2,Kololo,3044803441
L-UG-00134107,15,20,5,50,5,Kisaasi,780000000
L-UG-00134108,10,27,3,50,2,Bunga near Munyonyo,900000000
L-UG-00134109,15,25,5,50,5,Munyonyo,1903002246
L-UG-00134110,20,75,12,100,10,Munyonyo,4152004899
L-UG-00134111,10,15,3,50,3,Munyonyo,650000000
L-UG-00134118,9,None,4,250,3,Luzira,700000000
